vehicle_id,vehicle_number,vehicle_type,capacity_kg,fuel_type,model_year,driver_id,status
VEH00001,UP67E9211,Van,100.49,Petrol,2023,DRV00871,Active
VEH00002,UP37A6517,Van,475.57,Diesel,2022,DRV00569,Active
VEH00003,UP15C8929,Truck,2424.34,Petrol,2021,DRV00446,Active
VEH00004,UP33B6253,Van,296.23,Petrol,2021,DRV00458,Active
VEH00005,UP76A8729,Truck,4877.44,CNG,2025,DRV00303,Active
VEH00006,UP99E1182,Bike,8.43,Diesel,2024,DRV00198,Active
VEH00007,UP49D7332,Bike,25.88,Petrol,2024,DRV00111,Active
VEH00008,UP82E8438,Bike,17.66,Diesel,2026,DRV00404,Inactive
VEH00009,UP31B4572,Bike,26.97,Petrol,2019,DRV00005,Active
VEH00010,UP12C8742,Heavy Truck,5835.04,Diesel,2024,DRV00677,Inactive
VEH00011,UP30B7987,Bike,19.7,Petrol,2025,DRV00838,Active
VEH00012,UP86C2652,Bike,6.56,Petrol,2020,DRV00219,Active
VEH00013,UP92A4519,Truck,2477.55,Diesel,2025,DRV00179,Active
VEH00014,UP77D9679,Mini Truck,1217.12,Diesel,2020,DRV00270,Active
VEH00015,UP14E8919,Bike,23.83,CNG,2025,DRV00409,Active
VEH00016,UP99E6097,Mini Truck,614.44,CNG,2022,DRV00626,Active
VEH00017,UP48B1709,Van,238.31,CNG,2021,DRV00958,Active
VEH00018,UP63C6008,Mini Truck,607.41,CNG,2026,DRV00950,Active
VEH00019,UP31B7823,Mini Truck,1279.84,Electric,2026,DRV00575,Active
VEH00020,UP66E3754,Van,163.58,Petrol,2021,DRV00649,Active
VEH00021,UP34D6422,Mini Truck,1256.41,Diesel,2022,DRV00413,Active
VEH00022,UP23D7870,Van,380.21,Diesel,2023,DRV00879,Active
VEH00023,UP52E2820,Van,303.23,Electric,2026,DRV00737,Active
VEH00024,UP90A5687,Mini Truck,536.05,Diesel,2026,DRV00511,Maintenance
VEH00025,UP88C9329,Truck,4017.79,Petrol,2025,DRV00065,Active
VEH00026,UP36C5737,Truck,4844.08,Petrol,2024,DRV00467,Active
VEH00027,UP91E8160,Mini Truck,1444.7,Diesel,2023,DRV00295,Active
VEH00028,UP94A9902,Van,126.67,Electric,2020,DRV00365,Active
VEH00029,UP64B3537,Bike,7.6,Diesel,2026,DRV00787,Active
VEH00030,UP74B1898,Van,346.2,CNG,2025,DRV00362,Active
VEH00031,UP90E4493,Van,206.04,CNG,2020,DRV00379,Active
VEH00032,UP63B7126,Van,101.36,Electric,2021,DRV00832,Active
VEH00033,UP66C7804,Van,198.69,CNG,2024,DRV00335,Active
VEH00034,UP55B8954,Van,181.36,Petrol,2019,DRV00151,Active
VEH00035,UP50C2175,Van,309.76,CNG,2022,DRV00201,Active
VEH00036,UP66E6959,Bike,14.35,Petrol,2022,DRV00945,Active
VEH00037,UP26C3238,Bike,6.45,Petrol,2025,DRV00276,Active
VEH00038,UP81E3986,Mini Truck,799.46,CNG,2025,DRV00311,Active
VEH00039,UP10D3139,Mini Truck,1218.99,Electric,2021,DRV00650,Active
VEH00040,UP11E8504,Bike,13.65,Diesel,2023,DRV00285,Active
VEH00041,UP75E1176,Mini Truck,1363.55,Petrol,2020,DRV00275,Active
VEH00042,UP86D7504,Truck,1585.27,Diesel,2018,DRV00469,Maintenance
VEH00043,UP43A9511,Mini Truck,1322.94,CNG,2019,DRV00976,Active
VEH00044,UP39E6764,Heavy Truck,13238.13,Electric,2023,DRV00384,Maintenance
VEH00045,UP17D7601,Bike,10.12,Diesel,2024,DRV00567,Active
VEH00046,UP81D3736,Truck,4780.33,Diesel,2023,DRV00048,Active
VEH00047,UP39D9219,Bike,26.24,Diesel,2024,DRV00507,Active
VEH00048,UP80B4267,Bike,26.53,Petrol,2024,DRV00996,Active
VEH00049,UP72E4841,Mini Truck,699.27,Electric,2025,DRV00140,Inactive
VEH00050,UP74B1345,Mini Truck,889.04,Diesel,2019,DRV00907,Active
VEH00051,UP98E4013,Bike,18.43,Petrol,2020,DRV00856,Active
VEH00052,UP11D4360,Truck,4640.66,CNG,2019,DRV00723,Active
VEH00053,UP65B9754,Mini Truck,1129.11,CNG,2019,DRV00934,Active
VEH00054,UP10C5484,Van,230.23,Petrol,2021,DRV00534,Active
VEH00055,UP86A1346,Truck,2628.34,CNG,2026,DRV00561,Maintenance
VEH00056,UP21D9864,Mini Truck,956.14,Electric,2020,DRV00195,Active
VEH00057,UP94D3933,Van,372.24,Petrol,2021,DRV00011,Active
VEH00058,UP24A6675,Bike,20.61,Diesel,2025,DRV00198,Active
VEH00059,UP56A5560,Truck,2474.51,Diesel,2026,DRV00944,Active
VEH00060,UP63C3578,Van,167.99,Petrol,2021,DRV00220,Active
VEH00061,UP36B9215,Mini Truck,1076.75,Diesel,2025,DRV00496,Active
VEH00062,UP29D9663,Van,284.95,Electric,2026,DRV00264,Active
VEH00063,UP94A3614,Heavy Truck,13423.47,Petrol,2019,DRV00492,Active
VEH00064,UP30C3708,Mini Truck,1157.78,Diesel,2020,DRV00820,Active
VEH00065,UP72C2815,Bike,19.54,Electric,2022,DRV00241,Inactive
VEH00066,UP46C5679,Van,454.68,Petrol,2022,DRV00620,Maintenance
VEH00067,UP39D6166,Mini Truck,698.72,Diesel,2025,DRV00433,Active
VEH00068,UP23E8748,Mini Truck,773.52,Diesel,2022,DRV00102,Active
VEH00069,UP75C9665,Van,282.63,Petrol,2026,DRV00357,Active
VEH00070,UP54E5544,Van,107.71,Diesel,2024,DRV00393,Active
VEH00071,UP76A4838,Van,238.5,Diesel,2021,DRV00511,Active
VEH00072,UP85A4415,Mini Truck,892.61,Diesel,2021,DRV00460,Active
VEH00073,UP55E1133,Van,160.29,Petrol,2018,DRV00320,Inactive
VEH00074,UP22B8119,Truck,2670.91,Petrol,2024,DRV00288,Active
VEH00075,UP10D2747,Mini Truck,1342.88,Diesel,2024,DRV00963,Active
VEH00076,UP71B2893,Van,141.36,Diesel,2026,DRV00437,Active
VEH00077,UP98C3152,Heavy Truck,13560.3,Diesel,2018,DRV00933,Maintenance
VEH00078,UP24C3269,Mini Truck,1159.55,Petrol,2023,DRV00381,Active
VEH00079,UP90B8990,Truck,2038.56,Diesel,2024,DRV00848,Maintenance
VEH00080,UP62A5359,Van,309.24,Petrol,2020,DRV00480,Active
VEH00081,UP55B6668,Mini Truck,890.65,CNG,2024,DRV00264,Active
VEH00082,UP28B6262,Van,242.36,Diesel,2023,DRV00043,Active
VEH00083,UP81B5029,Heavy Truck,7767.83,Diesel,2025,DRV00813,Active
VEH00084,UP68C4325,Mini Truck,1370.89,Diesel,2025,DRV00562,Active
VEH00085,UP35C3887,Bike,11.05,Electric,2019,DRV00809,Maintenance
VEH00086,UP37D6515,Truck,4899.48,Electric,2020,DRV00887,Active
VEH00087,UP51D6451,Mini Truck,1452.66,Diesel,2024,DRV00748,Active
VEH00088,UP65A1451,Truck,3062.58,Diesel,2018,DRV00975,Active
VEH00089,UP15D1886,Bike,13.69,Petrol,2022,DRV00263,Active
VEH00090,UP48C6234,Truck,1925.94,Electric,2024,DRV00378,Active
VEH00091,UP55E4756,Van,176.73,Diesel,2023,DRV00491,Active
VEH00092,UP32B9198,Truck,2241.58,Electric,2019,DRV00055,Active
VEH00093,UP52B8656,Mini Truck,1419.52,Petrol,2022,DRV00114,Inactive
VEH00094,UP57B8949,Van,267.2,Diesel,2025,DRV00107,Active
VEH00095,UP24D7014,Truck,4352.49,Diesel,2022,DRV00079,Maintenance
VEH00096,UP46E2554,Van,102.31,Diesel,2025,DRV00487,Active
VEH00097,UP22C8055,Mini Truck,1150.97,Petrol,2022,DRV00956,Active
VEH00098,UP70D5539,Truck,3398.28,Electric,2022,DRV00886,Inactive
VEH00099,UP49D4697,Van,320.31,Electric,2019,DRV00841,Active
VEH00100,UP88D7447,Mini Truck,1459.31,Diesel,2024,DRV00902,Active
VEH00101,UP68C6729,Heavy Truck,12898.32,Petrol,2024,DRV00447,Active
VEH00102,UP47C6549,Mini Truck,839.61,Petrol,2023,DRV00888,Active
VEH00103,UP14E2978,Bike,12.31,Diesel,2019,DRV00586,Active
VEH00104,UP46D4665,Mini Truck,1443.12,Diesel,2024,DRV00124,Active
VEH00105,UP33D3047,Truck,2714.31,Petrol,2026,DRV00884,Active
VEH00106,UP36B6151,Truck,2323.64,Diesel,2023,DRV00836,Inactive
VEH00107,UP66B8023,Truck,4817.89,Diesel,2025,DRV00180,Active
VEH00108,UP51E3265,Van,482.07,Petrol,2023,DRV00943,Active
VEH00109,UP67C2220,Mini Truck,1480.94,CNG,2025,DRV00968,Active
VEH00110,UP32C2614,Mini Truck,691.21,Diesel,2024,DRV00529,Active
VEH00111,UP25D2748,Truck,2123.56,Diesel,2026,DRV00263,Active
VEH00112,UP81D4377,Van,454.47,Petrol,2021,DRV00769,Active
VEH00113,UP31E3923,Heavy Truck,13158.37,CNG,2021,DRV00606,Active
VEH00114,UP62C5790,Van,334.31,Petrol,2024,DRV00526,Active
VEH00115,UP56E1159,Mini Truck,1373.25,Diesel,2022,DRV00647,Active
VEH00116,UP91A5103,Mini Truck,695.74,Petrol,2024,DRV00193,Active
VEH00117,UP70E2512,Heavy Truck,7281.31,CNG,2025,DRV00118,Active
VEH00118,UP76A3945,Heavy Truck,10082.34,Diesel,2023,DRV00679,Active
VEH00119,UP75B5409,Van,479.0,Petrol,2026,DRV00183,Active
VEH00120,UP51D6872,Bike,20.55,Diesel,2026,DRV00662,Inactive
VEH00121,UP28C9672,Bike,10.92,CNG,2018,DRV00664,Active
VEH00122,UP13D7954,Bike,16.62,Electric,2023,DRV00394,Active
VEH00123,UP55A9314,Bike,5.34,CNG,2024,DRV00123,Active
VEH00124,UP57E7734,Truck,2134.91,Electric,2020,DRV00301,Active
VEH00125,UP18E6883,Mini Truck,600.12,Diesel,2023,DRV00567,Active
VEH00126,UP77B7122,Van,228.91,Petrol,2025,DRV00273,Active
VEH00127,UP60E9857,Mini Truck,975.64,Petrol,2020,DRV00257,Active
VEH00128,UP52A9011,Van,426.14,Petrol,2023,DRV00666,Active
VEH00129,UP61B5948,Bike,28.28,Diesel,2021,DRV00674,Active
VEH00130,UP72A6731,Van,265.4,Petrol,2026,DRV00780,Active
VEH00131,UP19D1308,Heavy Truck,13855.31,Petrol,2025,DRV00483,Active
VEH00132,UP84D5096,Truck,2782.31,Diesel,2020,DRV00234,Maintenance
VEH00133,UP84E2296,Van,401.17,CNG,2018,DRV00799,Maintenance
VEH00134,UP27D2057,Mini Truck,635.5,Diesel,2025,DRV00876,Maintenance
VEH00135,UP70C6963,Mini Truck,1041.25,Diesel,2020,DRV00104,Active
VEH00136,UP25A7182,Heavy Truck,7896.99,Diesel,2022,DRV00893,Active
VEH00137,UP33A4695,Heavy Truck,7468.7,Diesel,2023,DRV00629,Active
VEH00138,UP88C1666,Truck,3258.78,CNG,2026,DRV00419,Active
VEH00139,UP42B7284,Truck,2635.6,Electric,2021,DRV00367,Active
VEH00140,UP52D2873,Van,457.55,Petrol,2019,DRV00126,Active
VEH00141,UP56E6185,Bike,20.44,Diesel,2026,DRV00478,Active
VEH00142,UP24C8157,Heavy Truck,14453.52,CNG,2023,DRV00452,Active
VEH00143,UP39E5570,Van,171.52,Diesel,2020,DRV00079,Active
VEH00144,UP96E8119,Heavy Truck,14309.33,Electric,2024,DRV00156,Active
VEH00145,UP30B2816,Bike,16.62,Diesel,2022,DRV00354,Active
VEH00146,UP57A2576,Heavy Truck,9338.5,Electric,2024,DRV00449,Active
VEH00147,UP73A2611,Mini Truck,639.65,Electric,2021,DRV00073,Maintenance
VEH00148,UP79C9295,Mini Truck,826.82,Diesel,2023,DRV00891,Active
VEH00149,UP78A9659,Truck,4313.79,Electric,2020,DRV00448,Active
VEH00150,UP75C2802,Bike,26.45,Diesel,2022,DRV00299,Active
VEH00151,UP46C6067,Bike,29.11,Petrol,2019,DRV00360,Active
VEH00152,UP82E3128,Bike,12.12,Petrol,2024,DRV00718,Maintenance
VEH00153,UP16C2225,Mini Truck,1261.21,CNG,2019,DRV00113,Active
VEH00154,UP86E4767,Bike,29.88,CNG,2026,DRV00707,Active
VEH00155,UP18D7886,Mini Truck,1251.65,Diesel,2024,DRV00940,Active
VEH00156,UP11B5509,Truck,2997.22,Diesel,2018,DRV00038,Active
VEH00157,UP87D3120,Truck,2232.2,Diesel,2022,DRV00714,Maintenance
VEH00158,UP82B4570,Truck,3477.23,CNG,2021,DRV00113,Active
VEH00159,UP38C7652,Mini Truck,1226.72,Diesel,2026,DRV00299,Active
VEH00160,UP54C9619,Van,359.31,CNG,2018,DRV00282,Active
VEH00161,UP57C3092,Van,398.35,Petrol,2021,DRV00106,Active
VEH00162,UP44E5571,Mini Truck,1405.36,Diesel,2024,DRV00281,Active
VEH00163,UP95A2419,Mini Truck,1193.91,Electric,2026,DRV00255,Active
VEH00164,UP95C2656,Mini Truck,638.36,Diesel,2022,DRV00469,Active
VEH00165,UP92C9607,Bike,23.6,Diesel,2019,DRV00481,Maintenance
VEH00166,UP77A1673,Mini Truck,813.43,Diesel,2023,DRV00414,Active
VEH00167,UP39A2598,Mini Truck,1355.21,CNG,2020,DRV00198,Active
VEH00168,UP29A1693,Van,322.45,Diesel,2023,DRV00057,Active
VEH00169,UP12E1132,Mini Truck,672.74,Petrol,2022,DRV00492,Active
VEH00170,UP33D6110,Heavy Truck,7287.36,Petrol,2021,DRV00536,Active
VEH00171,UP34A1471,Truck,4709.67,Diesel,2026,DRV00752,Active
VEH00172,UP77D8312,Bike,7.71,CNG,2024,DRV00078,Maintenance
VEH00173,UP34C4027,Van,407.89,Electric,2023,DRV00654,Active
VEH00174,UP82D1958,Truck,3649.77,Petrol,2022,DRV00731,Active
VEH00175,UP89D9506,Bike,14.85,CNG,2026,DRV00671,Active
VEH00176,UP60D5232,Mini Truck,680.21,Diesel,2025,DRV00200,Active
VEH00177,UP25E8378,Bike,11.84,Diesel,2024,DRV00331,Active
VEH00178,UP24E9748,Van,399.05,Petrol,2019,DRV00666,Active
VEH00179,UP53B3872,Truck,2404.18,Petrol,2021,DRV00661,Active
VEH00180,UP81A1983,Heavy Truck,6793.34,CNG,2026,DRV00796,Active
VEH00181,UP60C2096,Truck,3377.36,Electric,2021,DRV00586,Active
VEH00182,UP92B1855,Truck,2565.51,Diesel,2021,DRV00338,Active
VEH00183,UP20D3041,Van,435.58,Electric,2019,DRV00280,Maintenance
VEH00184,UP40C1716,Bike,18.24,Diesel,2018,DRV00028,Active
VEH00185,UP21B4753,Mini Truck,908.99,Diesel,2021,DRV00876,Active
VEH00186,UP71A2862,Van,297.38,Electric,2026,DRV00544,Active
VEH00187,UP39C4121,Truck,3299.04,Electric,2019,DRV00675,Active
VEH00188,UP10A5395,Van,426.63,Electric,2022,DRV00981,Active
VEH00189,UP17D4361,Truck,2892.61,Diesel,2026,DRV00732,Active
VEH00190,UP64B4057,Mini Truck,1490.85,Electric,2022,DRV00501,Active
VEH00191,UP46B2549,Mini Truck,522.51,CNG,2026,DRV00013,Active
VEH00192,UP93A2317,Van,299.04,Diesel,2026,DRV00650,Active
VEH00193,UP40A7867,Truck,3417.42,Diesel,2026,DRV00252,Maintenance
VEH00194,UP55C6874,Van,442.28,CNG,2018,DRV00891,Active
VEH00195,UP44E4672,Truck,2335.77,Electric,2024,DRV00924,Maintenance
VEH00196,UP16C7385,Van,255.7,Diesel,2019,DRV00678,Active
VEH00197,UP62B6050,Bike,23.91,Petrol,2023,DRV00934,Active
VEH00198,UP16D9986,Heavy Truck,13498.28,Diesel,2020,DRV00966,Active
VEH00199,UP75C2421,Van,343.23,Diesel,2020,DRV00271,Active
VEH00200,UP35E4100,Mini Truck,1258.61,Petrol,2022,DRV00230,Maintenance
VEH00201,UP12D8721,Van,437.25,Diesel,2024,DRV00444,Active
VEH00202,UP86A2117,Mini Truck,1250.46,Diesel,2019,DRV00161,Active
VEH00203,UP71D2939,Van,382.22,Diesel,2020,DRV00094,Active
VEH00204,UP10A1091,Mini Truck,822.42,Petrol,2022,DRV00592,Active
VEH00205,UP98E6192,Mini Truck,1144.13,Electric,2018,DRV00240,Active
VEH00206,UP74E5242,Truck,1835.27,CNG,2025,DRV00420,Active
VEH00207,UP97E9078,Truck,4215.01,Petrol,2024,DRV00975,Maintenance
VEH00208,UP13E5694,Van,346.73,Diesel,2019,DRV00120,Active
VEH00209,UP50D4589,Bike,25.89,Petrol,2021,DRV00648,Active
VEH00210,UP58E9857,Mini Truck,572.87,Petrol,2025,DRV00207,Active
VEH00211,UP85C9735,Bike,19.72,Electric,2019,DRV00490,Active
VEH00212,UP88D5974,Bike,16.31,Diesel,2020,DRV00646,Active
VEH00213,UP65C5270,Mini Truck,764.3,Petrol,2024,DRV00172,Active
VEH00214,UP64D6752,Bike,7.27,Electric,2025,DRV00511,Active
VEH00215,UP61D4139,Mini Truck,899.94,CNG,2022,DRV00853,Active
VEH00216,UP60B2969,Truck,3180.39,Petrol,2022,DRV00867,Active
VEH00217,UP21A2317,Mini Truck,1479.88,Petrol,2023,DRV00264,Active
VEH00218,UP42E3468,Truck,3077.39,CNG,2018,DRV00746,Active
VEH00219,UP68C9777,Mini Truck,531.82,Electric,2021,DRV00489,Active
VEH00220,UP23E5465,Truck,2767.61,Petrol,2021,DRV00814,Active
VEH00221,UP94A4984,Mini Truck,1236.04,Diesel,2023,DRV00776,Active
VEH00222,UP15E6607,Mini Truck,697.62,Electric,2024,DRV01000,Inactive
VEH00223,UP54E3822,Mini Truck,967.01,Electric,2019,DRV00202,Active
VEH00224,UP90C4942,Van,116.58,CNG,2026,DRV00766,Active
VEH00225,UP24D6631,Mini Truck,1437.03,CNG,2025,DRV00729,Inactive
VEH00226,UP37A7698,Heavy Truck,12329.62,CNG,2024,DRV00733,Active
VEH00227,UP92A6942,Mini Truck,582.08,CNG,2018,DRV00354,Active
VEH00228,UP93B3245,Truck,4348.7,Petrol,2022,DRV00580,Active
VEH00229,UP46A3871,Truck,2853.01,Diesel,2018,DRV00356,Active
VEH00230,UP31D9346,Mini Truck,1082.65,Diesel,2019,DRV00073,Maintenance
VEH00231,UP18A4544,Heavy Truck,14684.6,Petrol,2025,DRV00387,Active
VEH00232,UP23D5759,Heavy Truck,9060.38,Electric,2018,DRV00329,Active
VEH00233,UP37E5002,Bike,21.17,CNG,2024,DRV00332,Active
VEH00234,UP75A9728,Bike,7.92,Diesel,2023,DRV00091,Active
VEH00235,UP38C9704,Bike,9.11,Petrol,2019,DRV00505,Active
VEH00236,UP75E9552,Mini Truck,1493.48,CNG,2024,DRV00211,Active
VEH00237,UP73D6962,Mini Truck,1433.47,Electric,2025,DRV00253,Active
VEH00238,UP63D9831,Bike,28.58,Petrol,2018,DRV00839,Active
VEH00239,UP68C4604,Mini Truck,830.88,Petrol,2024,DRV00699,Active
VEH00240,UP33E2895,Truck,3010.59,Diesel,2018,DRV00125,Active
VEH00241,UP98A7433,Heavy Truck,7202.23,Electric,2018,DRV00652,Active
VEH00242,UP22E1910,Bike,18.69,Electric,2025,DRV00054,Active
VEH00243,UP14B2571,Mini Truck,603.07,Electric,2018,DRV00517,Active
VEH00244,UP82C5295,Van,383.52,Petrol,2019,DRV00823,Active
VEH00245,UP82B3579,Van,340.59,Diesel,2025,DRV00576,Active
VEH00246,UP80E2606,Mini Truck,586.69,CNG,2022,DRV00734,Active
VEH00247,UP49E9958,Truck,2226.35,Petrol,2020,DRV00265,Active
VEH00248,UP43E3314,Heavy Truck,9374.94,Diesel,2018,DRV00923,Active
VEH00249,UP18B1832,Bike,17.68,Petrol,2020,DRV00124,Active
VEH00250,UP49A8809,Van,334.57,Diesel,2018,DRV00676,Active
VEH00251,UP77C2294,Mini Truck,627.69,CNG,2019,DRV00976,Active
VEH00252,UP61A6935,Bike,27.9,CNG,2021,DRV00925,Active
VEH00253,UP53A8704,Van,379.49,Petrol,2023,DRV00836,Active
VEH00254,UP37B2896,Truck,1727.95,CNG,2025,DRV00873,Active
VEH00255,UP80B9544,Truck,2573.66,CNG,2023,DRV00358,Active
VEH00256,UP73A8878,Bike,16.19,Diesel,2025,DRV00937,Active
VEH00257,UP79A8328,Van,352.4,Petrol,2022,DRV00442,Active
VEH00258,UP14A2636,Bike,20.11,Diesel,2022,DRV00247,Active
VEH00259,UP84B7288,Van,312.14,Electric,2021,DRV00356,Maintenance
VEH00260,UP70E2749,Van,456.18,Petrol,2025,DRV00928,Active
VEH00261,UP84B5045,Mini Truck,694.43,Petrol,2020,DRV00354,Active
VEH00262,UP74C3036,Bike,7.92,Diesel,2021,DRV00120,Active
VEH00263,UP28E6920,Van,178.88,Diesel,2022,DRV00924,Active
VEH00264,UP96B2755,Bike,15.88,Diesel,2026,DRV00060,Active
VEH00265,UP90B9504,Van,445.8,Electric,2021,DRV00657,Active
VEH00266,UP78C6047,Van,375.45,Petrol,2023,DRV00190,Inactive
VEH00267,UP87E2426,Mini Truck,1410.49,Diesel,2021,DRV00634,Active
VEH00268,UP84B4452,Truck,4928.75,Petrol,2018,DRV00441,Active
VEH00269,UP41D2548,Van,278.2,Diesel,2020,DRV00465,Active
VEH00270,UP44D3639,Van,361.4,Petrol,2019,DRV00418,Maintenance
VEH00271,UP16D4336,Van,305.01,Petrol,2019,DRV00594,Active
VEH00272,UP58B4272,Van,223.86,CNG,2023,DRV00299,Active
VEH00273,UP41A3240,Van,420.52,Diesel,2022,DRV00939,Active
VEH00274,UP75C3004,Van,491.81,Diesel,2026,DRV00264,Inactive
VEH00275,UP93C9825,Van,317.58,Diesel,2023,DRV00526,Active
VEH00276,UP98C5621,Mini Truck,1265.03,Petrol,2026,DRV00731,Active
VEH00277,UP90C3944,Mini Truck,1328.14,Electric,2024,DRV00346,Active
VEH00278,UP51D9050,Van,309.94,Petrol,2025,DRV00420,Active
VEH00279,UP81B3331,Mini Truck,607.4,Electric,2025,DRV00086,Active
VEH00280,UP16A8545,Truck,3505.5,CNG,2020,DRV00312,Active
VEH00281,UP14C3059,Truck,3533.91,Electric,2026,DRV00367,Active
VEH00282,UP15D5237,Truck,1744.91,Diesel,2024,DRV00257,Active
VEH00283,UP42D4333,Heavy Truck,10138.95,Diesel,2019,DRV00782,Maintenance
VEH00284,UP57B8506,Van,391.18,Petrol,2025,DRV00113,Active
VEH00285,UP19E9115,Van,133.95,CNG,2025,DRV00248,Active
VEH00286,UP42B8403,Van,275.56,Petrol,2019,DRV00775,Active
VEH00287,UP74C2624,Bike,7.9,Petrol,2020,DRV00769,Active
VEH00288,UP21C9281,Truck,4351.94,Petrol,2023,DRV00768,Maintenance
VEH00289,UP93D6846,Truck,4413.32,Diesel,2024,DRV00578,Active
VEH00290,UP84E4529,Van,176.04,CNG,2026,DRV00596,Active
VEH00291,UP98D7769,Van,315.85,Electric,2026,DRV00956,Active
VEH00292,UP79B3549,Van,338.46,CNG,2022,DRV00099,Active
VEH00293,UP69E4002,Van,179.57,Electric,2026,DRV00317,Active
VEH00294,UP32B9228,Heavy Truck,7334.27,Diesel,2025,DRV00547,Active
VEH00295,UP66E2945,Van,168.15,Electric,2022,DRV00088,Active
VEH00296,UP73C2950,Mini Truck,1445.1,Diesel,2026,DRV00136,Active
VEH00297,UP59E3164,Van,411.57,Diesel,2021,DRV00184,Maintenance
VEH00298,UP41A6375,Truck,2281.01,CNG,2018,DRV00483,Active
VEH00299,UP31B2889,Heavy Truck,13643.91,Petrol,2022,DRV00595,Active
VEH00300,UP49C2141,Mini Truck,678.4,Diesel,2024,DRV00996,Active
VEH00301,UP69C4493,Bike,26.3,Petrol,2022,DRV00909,Active
VEH00302,UP96E8473,Bike,11.39,CNG,2021,DRV00285,Active
VEH00303,UP11B8832,Bike,12.46,Petrol,2025,DRV00458,Active
VEH00304,UP29C5891,Heavy Truck,14663.63,Diesel,2018,DRV00811,Active
VEH00305,UP38B3888,Van,153.85,Diesel,2018,DRV00337,Active
VEH00306,UP74D7717,Mini Truck,746.59,Petrol,2022,DRV00486,Active
VEH00307,UP80D3799,Heavy Truck,13447.73,CNG,2019,DRV00491,Maintenance
VEH00308,UP34B9974,Heavy Truck,12970.64,Diesel,2026,DRV00438,Active
VEH00309,UP29E2864,Truck,2076.74,Petrol,2023,DRV00592,Active
VEH00310,UP93A8900,Van,433.64,Electric,2018,DRV00477,Inactive
VEH00311,UP49E3861,Truck,2011.87,Petrol,2019,DRV00529,Active
VEH00312,UP56C9423,Truck,3179.16,Petrol,2022,DRV00250,Active
VEH00313,UP72D2466,Van,317.49,Diesel,2022,DRV00160,Active
VEH00314,UP64B5967,Van,284.78,Diesel,2024,DRV00824,Active
VEH00315,UP40C9173,Truck,1781.25,Diesel,2018,DRV00047,Active
VEH00316,UP22C8863,Van,177.72,Diesel,2023,DRV00295,Active
VEH00317,UP37E5819,Truck,1966.18,Petrol,2020,DRV00483,Active
VEH00318,UP44C2373,Bike,20.85,CNG,2023,DRV00193,Maintenance
VEH00319,UP58E7285,Van,248.6,CNG,2021,DRV00605,Active
VEH00320,UP89A4342,Truck,3878.67,Diesel,2020,DRV00193,Active
VEH00321,UP29A2112,Van,216.26,CNG,2026,DRV00460,Active
VEH00322,UP33B2351,Truck,4421.32,Diesel,2022,DRV00256,Active
VEH00323,UP29C3099,Van,319.45,Petrol,2019,DRV00659,Active
VEH00324,UP80D4171,Van,320.01,Petrol,2021,DRV00417,Active
VEH00325,UP61A1506,Truck,4548.65,Diesel,2025,DRV00641,Active
VEH00326,UP79B1552,Mini Truck,1326.94,Electric,2025,DRV00143,Active
VEH00327,UP94A2636,Mini Truck,1404.23,Petrol,2024,DRV00630,Active
VEH00328,UP71D5294,Truck,3219.02,Diesel,2018,DRV00960,Active
VEH00329,UP43B3234,Van,215.27,Diesel,2018,DRV00344,Active
VEH00330,UP22D6185,Truck,2718.35,Electric,2018,DRV00140,Inactive
VEH00331,UP67E7498,Truck,2614.66,CNG,2023,DRV00729,Maintenance
VEH00332,UP99B3640,Heavy Truck,5955.35,Diesel,2019,DRV00522,Active
VEH00333,UP36D4284,Mini Truck,1267.67,Diesel,2021,DRV00241,Active
VEH00334,UP38E3885,Mini Truck,876.45,CNG,2020,DRV00507,Active
VEH00335,UP36C7018,Bike,22.79,CNG,2019,DRV00966,Active
VEH00336,UP77D6231,Mini Truck,911.02,Electric,2019,DRV00631,Active
VEH00337,UP57B9785,Truck,2297.57,Petrol,2021,DRV00934,Active
VEH00338,UP36D5489,Heavy Truck,8077.83,Petrol,2024,DRV00595,Active
VEH00339,UP36D6847,Truck,3914.29,Electric,2025,DRV00799,Active
VEH00340,UP72B7619,Mini Truck,533.99,Electric,2024,DRV00926,Active
VEH00341,UP58E8238,Bike,29.23,Electric,2025,DRV00991,Active
VEH00342,UP38B3611,Mini Truck,1134.09,Petrol,2022,DRV00752,Active
VEH00343,UP27C3846,Truck,2977.28,CNG,2022,DRV00091,Active
VEH00344,UP80B4256,Truck,4209.05,Petrol,2025,DRV00250,Active
VEH00345,UP73C3846,Truck,2188.67,Diesel,2024,DRV00772,Active
VEH00346,UP90D9095,Heavy Truck,5977.97,Diesel,2026,DRV00357,Active
VEH00347,UP11A9573,Van,323.81,Diesel,2021,DRV00817,Active
VEH00348,UP16B9849,Bike,7.81,CNG,2021,DRV00062,Active
VEH00349,UP42D8763,Truck,4251.55,Diesel,2021,DRV00975,Active
VEH00350,UP61C2204,Bike,8.3,Petrol,2022,DRV00719,Active
VEH00351,UP46B9737,Bike,23.76,Petrol,2018,DRV00521,Active
VEH00352,UP71C6896,Heavy Truck,7993.62,Electric,2020,DRV00406,Active
VEH00353,UP86C1660,Van,403.35,Petrol,2019,DRV00283,Active
VEH00354,UP38C4321,Van,466.54,Diesel,2022,DRV00393,Active
VEH00355,UP17E4929,Bike,27.07,Diesel,2025,DRV00596,Active
VEH00356,UP62D9340,Van,124.37,Diesel,2022,DRV00316,Maintenance
VEH00357,UP88B7142,Truck,3028.75,Petrol,2018,DRV00544,Maintenance
VEH00358,UP86C7434,Truck,3718.28,Petrol,2018,DRV00826,Active
VEH00359,UP15D5871,Van,213.72,CNG,2019,DRV00198,Active
VEH00360,UP90C4406,Bike,9.15,Petrol,2021,DRV00940,Active
VEH00361,UP77C7691,Mini Truck,976.57,Diesel,2022,DRV00782,Active
VEH00362,UP27D2725,Mini Truck,930.51,Electric,2023,DRV00726,Active
VEH00363,UP11E9378,Van,305.5,Electric,2026,DRV00757,Active
VEH00364,UP34B6280,Mini Truck,585.09,Diesel,2020,DRV00445,Active
VEH00365,UP77C8712,Van,371.37,Diesel,2021,DRV00316,Active
VEH00366,UP16C9659,Mini Truck,1331.67,CNG,2020,DRV00396,Active
VEH00367,UP10D9460,Bike,22.82,CNG,2020,DRV00720,Active
VEH00368,UP30E1434,Bike,5.32,Diesel,2019,DRV00900,Active
VEH00369,UP95D8434,Van,499.05,Diesel,2018,DRV00804,Active
VEH00370,UP92A7864,Truck,1794.62,Petrol,2019,DRV00414,Active
VEH00371,UP60B3950,Van,372.54,Electric,2023,DRV00472,Active
VEH00372,UP45E8067,Van,424.65,CNG,2026,DRV00720,Active
VEH00373,UP68C8692,Mini Truck,1079.89,Petrol,2018,DRV00036,Active
VEH00374,UP31B5424,Mini Truck,847.72,Petrol,2021,DRV00632,Active
VEH00375,UP88A7780,Bike,24.84,CNG,2023,DRV00748,Inactive
VEH00376,UP84A2682,Bike,23.31,Diesel,2019,DRV00026,Active
VEH00377,UP36C4288,Van,382.92,Diesel,2018,DRV00729,Active
VEH00378,UP16C9988,Van,403.25,Petrol,2025,DRV00204,Active
VEH00379,UP47D5629,Heavy Truck,7271.52,Diesel,2026,DRV00931,Active
VEH00380,UP94C7723,Heavy Truck,14783.18,Electric,2024,DRV00424,Active
VEH00381,UP31C7887,Van,119.56,Electric,2025,DRV00657,Active
VEH00382,UP12A9699,Truck,1726.15,Diesel,2019,DRV00282,Active
VEH00383,UP88C8562,Truck,3861.51,CNG,2020,DRV00751,Active
VEH00384,UP91D3747,Mini Truck,1083.18,CNG,2024,DRV00152,Active
VEH00385,UP10C4622,Bike,24.8,Petrol,2024,DRV00435,Active
VEH00386,UP62C6523,Truck,4998.84,Petrol,2021,DRV00457,Active
VEH00387,UP62B9148,Van,382.89,Petrol,2023,DRV00835,Active
VEH00388,UP27B6866,Van,380.41,Petrol,2023,DRV00836,Active
VEH00389,UP66A3788,Van,278.81,Diesel,2025,DRV00926,Active
VEH00390,UP27C5403,Truck,2104.51,Diesel,2024,DRV00382,Active
VEH00391,UP94C7164,Bike,22.53,CNG,2022,DRV00674,Active
VEH00392,UP21C2794,Van,187.0,CNG,2022,DRV00213,Active
VEH00393,UP39E7956,Van,466.07,CNG,2020,DRV00848,Active
VEH00394,UP68E3805,Bike,19.01,Petrol,2026,DRV00607,Active
VEH00395,UP60E1848,Truck,2681.05,Diesel,2018,DRV00281,Active
VEH00396,UP39B3168,Truck,3040.5,Diesel,2024,DRV00208,Active
VEH00397,UP95B6303,Mini Truck,1181.64,CNG,2023,DRV00173,Active
VEH00398,UP62B1311,Bike,24.97,CNG,2021,DRV00125,Active
VEH00399,UP48D1923,Bike,7.51,Electric,2018,DRV00727,Active
VEH00400,UP90B2026,Truck,3812.46,Diesel,2018,DRV00525,Inactive
VEH00401,UP92D4918,Truck,2235.7,Diesel,2021,DRV00923,Active
VEH00402,UP86A9450,Van,169.43,CNG,2020,DRV00955,Active
VEH00403,UP95B4064,Mini Truck,1458.83,CNG,2023,DRV00510,Active
VEH00404,UP38C1990,Bike,23.65,Diesel,2018,DRV00756,Maintenance
VEH00405,UP38E8782,Truck,2155.12,Diesel,2021,DRV00239,Active
VEH00406,UP86D6582,Mini Truck,1094.71,Petrol,2026,DRV00763,Active
VEH00407,UP23C5628,Van,249.41,Diesel,2024,DRV00987,Maintenance
VEH00408,UP26A3759,Bike,11.53,Diesel,2023,DRV00443,Active
VEH00409,UP70C2180,Bike,26.56,CNG,2024,DRV00832,Active
VEH00410,UP20C1450,Heavy Truck,11248.55,Diesel,2021,DRV00148,Active
VEH00411,UP88D5962,Van,451.17,Petrol,2020,DRV00737,Active
VEH00412,UP72E8555,Van,441.91,Diesel,2022,DRV00863,Active
VEH00413,UP34C4304,Bike,5.98,Petrol,2022,DRV00071,Maintenance
VEH00414,UP27E1044,Bike,16.06,Petrol,2019,DRV00238,Active
VEH00415,UP81D3013,Bike,15.29,Diesel,2018,DRV00944,Active
VEH00416,UP65B5971,Bike,8.66,Diesel,2023,DRV00804,Maintenance
VEH00417,UP30A9271,Heavy Truck,14411.8,Petrol,2018,DRV00872,Active
VEH00418,UP17A3280,Truck,2658.64,Petrol,2020,DRV00100,Active
VEH00419,UP99A5010,Mini Truck,1085.62,Petrol,2020,DRV00581,Active
VEH00420,UP30C9127,Mini Truck,1188.21,Electric,2019,DRV00918,Active
VEH00421,UP21B2595,Heavy Truck,14563.75,Diesel,2026,DRV00886,Active
VEH00422,UP88E8106,Bike,14.2,Petrol,2019,DRV00490,Active
VEH00423,UP82D7527,Mini Truck,845.23,Petrol,2026,DRV00906,Active
VEH00424,UP78E1603,Truck,4771.91,Diesel,2021,DRV00921,Active
VEH00425,UP65B2772,Heavy Truck,11536.05,Diesel,2021,DRV00619,Active
VEH00426,UP25B5484,Heavy Truck,7971.32,Diesel,2019,DRV00938,Active
VEH00427,UP31D6450,Bike,6.46,CNG,2021,DRV00690,Inactive
VEH00428,UP20D2593,Van,304.42,CNG,2024,DRV00833,Active
VEH00429,UP63B3156,Truck,4210.72,Petrol,2024,DRV00589,Active
VEH00430,UP84E9573,Mini Truck,1439.15,Diesel,2022,DRV00441,Maintenance
VEH00431,UP31B8982,Bike,5.28,Diesel,2021,DRV00408,Active
VEH00432,UP69E1684,Heavy Truck,13092.01,Electric,2025,DRV00561,Active
VEH00433,UP52E3841,Truck,2443.24,Diesel,2021,DRV00840,Active
VEH00434,UP34E1446,Van,295.3,Diesel,2021,DRV00154,Active
VEH00435,UP42C7334,Mini Truck,830.86,Petrol,2019,DRV00529,Active
VEH00436,UP12C5502,Heavy Truck,13865.12,Diesel,2019,DRV00991,Inactive
VEH00437,UP79B2605,Mini Truck,796.69,Electric,2023,DRV00927,Active
VEH00438,UP82A5593,Heavy Truck,13853.56,Petrol,2020,DRV00564,Active
VEH00439,UP84B8898,Mini Truck,1400.95,CNG,2020,DRV00160,Active
VEH00440,UP82B6844,Truck,4862.38,CNG,2026,DRV00417,Active
VEH00441,UP95D2615,Heavy Truck,13071.23,Diesel,2021,DRV00977,Active
VEH00442,UP52B6880,Van,278.62,Diesel,2025,DRV00181,Active
VEH00443,UP26C8644,Mini Truck,915.34,Diesel,2026,DRV00850,Active
VEH00444,UP71D9256,Van,445.48,Diesel,2020,DRV00574,Active
VEH00445,UP21E2396,Truck,2199.31,Diesel,2024,DRV00891,Active
VEH00446,UP63B6326,Truck,2630.4,Diesel,2025,DRV00990,Active
VEH00447,UP13E1105,Mini Truck,876.59,Petrol,2018,DRV00337,Active
VEH00448,UP42C9083,Van,297.22,Petrol,2025,DRV00401,Maintenance
VEH00449,UP17B3954,Truck,4248.44,Diesel,2025,DRV00003,Active
VEH00450,UP42D5900,Heavy Truck,14982.12,CNG,2022,DRV00478,Maintenance
VEH00451,UP49E5491,Mini Truck,1278.89,Diesel,2023,DRV00573,Active
VEH00452,UP18A4487,Bike,25.11,Petrol,2025,DRV00663,Maintenance
VEH00453,UP27A8661,Mini Truck,624.22,Diesel,2018,DRV00021,Active
VEH00454,UP79E1925,Mini Truck,503.91,Diesel,2023,DRV00677,Active
VEH00455,UP10E7114,Mini Truck,680.29,CNG,2023,DRV00967,Active
VEH00456,UP98D4081,Van,423.76,CNG,2025,DRV00663,Active
VEH00457,UP67A3462,Van,339.98,Petrol,2022,DRV00546,Active
VEH00458,UP94E5497,Mini Truck,1098.28,Petrol,2023,DRV00962,Active
VEH00459,UP21C6719,Mini Truck,854.03,Electric,2019,DRV00060,Inactive
VEH00460,UP84D7864,Mini Truck,654.42,Diesel,2024,DRV00460,Active
VEH00461,UP23C5980,Heavy Truck,13816.06,CNG,2018,DRV00953,Active
VEH00462,UP72E8312,Mini Truck,695.56,CNG,2020,DRV00267,Inactive
VEH00463,UP71E8113,Van,392.48,Electric,2020,DRV00902,Active
VEH00464,UP18E9525,Van,259.48,CNG,2019,DRV00718,Active
VEH00465,UP95B2756,Heavy Truck,12699.9,CNG,2020,DRV00306,Active
VEH00466,UP57B1667,Van,339.87,CNG,2024,DRV00782,Active
VEH00467,UP74B4841,Mini Truck,704.13,CNG,2024,DRV00660,Active
VEH00468,UP96E6250,Mini Truck,1225.59,CNG,2021,DRV00154,Inactive
VEH00469,UP60D9027,Bike,14.86,Petrol,2026,DRV00330,Active
VEH00470,UP49A4037,Truck,4426.47,Electric,2025,DRV00162,Active
VEH00471,UP34C1918,Bike,14.59,Electric,2020,DRV00593,Active
VEH00472,UP47D2560,Mini Truck,604.23,Petrol,2024,DRV00067,Active
VEH00473,UP87A2559,Heavy Truck,9373.22,Diesel,2019,DRV00648,Active
VEH00474,UP10B9997,Van,490.67,CNG,2019,DRV00592,Active
VEH00475,UP12B5502,Bike,5.26,Diesel,2019,DRV00595,Active
VEH00476,UP43C5858,Mini Truck,848.94,Diesel,2018,DRV00690,Active
VEH00477,UP25D3158,Heavy Truck,7502.56,CNG,2023,DRV00636,Active
VEH00478,UP13D8637,Mini Truck,889.29,Petrol,2021,DRV00138,Active
VEH00479,UP37C6282,Bike,12.85,Diesel,2022,DRV00687,Active
VEH00480,UP17B4592,Truck,4030.59,Petrol,2020,DRV00204,Maintenance
VEH00481,UP61E1912,Mini Truck,1464.65,CNG,2025,DRV00965,Active
VEH00482,UP52E1750,Truck,4397.6,Diesel,2022,DRV00957,Active
VEH00483,UP57E7890,Bike,17.18,Diesel,2024,DRV00732,Active
VEH00484,UP42D2386,Heavy Truck,13688.31,Petrol,2021,DRV00593,Maintenance
VEH00485,UP26A9511,Van,125.04,Diesel,2025,DRV00601,Active
VEH00486,UP51C2998,Mini Truck,818.19,Electric,2021,DRV00889,Active
VEH00487,UP46E3601,Van,463.43,Diesel,2022,DRV00771,Active
VEH00488,UP27A9885,Bike,7.66,Electric,2023,DRV00328,Active
VEH00489,UP76C7329,Van,274.88,Diesel,2024,DRV00523,Active
VEH00490,UP55B6339,Mini Truck,758.03,Diesel,2022,DRV00057,Active
VEH00491,UP25B4974,Mini Truck,1116.63,CNG,2024,DRV00533,Active
VEH00492,UP51A9385,Van,268.8,Diesel,2019,DRV00172,Active
VEH00493,UP39C8378,Truck,4544.69,Electric,2021,DRV00406,Maintenance
VEH00494,UP86D3789,Bike,18.18,Petrol,2023,DRV00044,Active
VEH00495,UP36B5015,Mini Truck,924.55,Petrol,2026,DRV00455,Active
VEH00496,UP21B2608,Truck,1971.9,Petrol,2023,DRV00292,Active
VEH00497,UP66D4126,Heavy Truck,7840.77,CNG,2022,DRV00235,Active
VEH00498,UP98B1041,Bike,27.86,Diesel,2024,DRV00238,Maintenance
VEH00499,UP73C5332,Heavy Truck,11528.72,Petrol,2024,DRV00263,Active
VEH00500,UP19A3442,Bike,5.23,Diesel,2026,DRV00681,Active
VEH00501,UP43C5824,Bike,29.91,Diesel,2024,DRV00096,Active
VEH00502,UP31E9285,Truck,4061.27,Electric,2019,DRV00483,Active
VEH00503,UP39A6734,Truck,2190.9,Petrol,2023,DRV00616,Active
VEH00504,UP69B4343,Mini Truck,1183.61,Diesel,2020,DRV00439,Inactive
VEH00505,UP55C3472,Van,132.79,Petrol,2025,DRV00751,Active
VEH00506,UP60A5648,Van,152.65,Diesel,2020,DRV00747,Active
VEH00507,UP96C7207,Van,114.23,Diesel,2025,DRV00514,Active
VEH00508,UP79C9197,Van,470.87,Petrol,2025,DRV00624,Active
VEH00509,UP44E7335,Bike,10.89,CNG,2019,DRV00071,Active
VEH00510,UP17E6157,Mini Truck,520.22,CNG,2024,DRV00325,Active
VEH00511,UP99A3040,Heavy Truck,7647.25,Diesel,2023,DRV00942,Active
VEH00512,UP24C5493,Mini Truck,773.84,CNG,2023,DRV00369,Active
VEH00513,UP68C6750,Mini Truck,1066.8,Electric,2026,DRV00159,Active
VEH00514,UP30D3205,Truck,3759.82,CNG,2021,DRV00812,Active
VEH00515,UP13A1719,Van,358.0,Petrol,2020,DRV00147,Active
VEH00516,UP11C8538,Truck,3445.71,Diesel,2018,DRV00220,Active
VEH00517,UP95C2032,Van,330.79,Diesel,2022,DRV00919,Active
VEH00518,UP32D3308,Bike,7.06,Electric,2025,DRV00778,Active
VEH00519,UP48A6414,Truck,4458.05,Petrol,2023,DRV00342,Active
VEH00520,UP48D8946,Mini Truck,1088.08,Electric,2018,DRV00731,Maintenance
VEH00521,UP98C8489,Truck,1844.02,CNG,2024,DRV00270,Active
VEH00522,UP67C2916,Bike,23.23,Electric,2018,DRV00470,Active
VEH00523,UP25A5662,Bike,18.89,Petrol,2019,DRV00720,Active
VEH00524,UP71A2582,Van,227.45,Diesel,2020,DRV00792,Active
VEH00525,UP60C1046,Heavy Truck,13888.41,CNG,2021,DRV00297,Active
VEH00526,UP42B4544,Van,268.2,Petrol,2018,DRV00440,Active
VEH00527,UP47D8255,Truck,2022.4,Diesel,2021,DRV00484,Active
VEH00528,UP48C8436,Mini Truck,807.23,CNG,2024,DRV00669,Active
VEH00529,UP35A3695,Bike,16.41,Diesel,2025,DRV00772,Active
VEH00530,UP14E3514,Mini Truck,993.76,Diesel,2018,DRV00575,Active
VEH00531,UP59A4698,Mini Truck,1085.22,CNG,2026,DRV00741,Active
VEH00532,UP13D1500,Bike,27.65,Diesel,2018,DRV00548,Maintenance
VEH00533,UP72B9569,Heavy Truck,6322.0,Electric,2023,DRV00334,Active
VEH00534,UP29A4124,Van,131.53,Petrol,2019,DRV00496,Active
VEH00535,UP81B9887,Van,165.76,Diesel,2025,DRV00742,Active
VEH00536,UP38B6328,Heavy Truck,8688.43,Petrol,2026,DRV00959,Maintenance
VEH00537,UP39A5306,Mini Truck,867.48,Petrol,2020,DRV00271,Active
VEH00538,UP24A3090,Truck,2402.53,Diesel,2025,DRV00363,Active
VEH00539,UP38A7668,Mini Truck,1170.72,CNG,2019,DRV00126,Active
VEH00540,UP59C6171,Heavy Truck,14004.36,Electric,2022,DRV00459,Active
VEH00541,UP87B6405,Mini Truck,1026.93,CNG,2018,DRV00538,Active
VEH00542,UP69D2605,Van,199.15,Diesel,2019,DRV00789,Active
VEH00543,UP21D3968,Van,104.11,CNG,2026,DRV00182,Active
VEH00544,UP23B3074,Bike,26.11,Diesel,2019,DRV00155,Active
VEH00545,UP45C2848,Bike,21.55,Petrol,2023,DRV00383,Active
VEH00546,UP52E2407,Van,328.43,Diesel,2021,DRV00474,Active
VEH00547,UP91D6695,Truck,3917.72,Diesel,2024,DRV00592,Active
VEH00548,UP55D8365,Heavy Truck,6787.35,Diesel,2024,DRV00908,Active
VEH00549,UP38C1969,Mini Truck,1427.46,Petrol,2021,DRV00392,Active
VEH00550,UP28C8904,Bike,18.77,Petrol,2021,DRV00047,Active
VEH00551,UP33D1271,Heavy Truck,13047.63,Petrol,2025,DRV00492,Active
VEH00552,UP35D1767,Van,290.49,Petrol,2024,DRV00234,Maintenance
VEH00553,UP35B6011,Heavy Truck,14429.22,Petrol,2025,DRV00493,Active
VEH00554,UP11E5651,Mini Truck,1209.83,CNG,2026,DRV00751,Active
VEH00555,UP55E5011,Heavy Truck,7660.28,Diesel,2025,DRV00772,Active
VEH00556,UP25D7429,Truck,2120.88,Diesel,2022,DRV00118,Active
VEH00557,UP21D9471,Mini Truck,520.68,Diesel,2025,DRV00861,Active
VEH00558,UP91C6517,Van,278.5,Diesel,2022,DRV00545,Active
VEH00559,UP46D7974,Mini Truck,619.06,Petrol,2021,DRV00367,Active
VEH00560,UP58B1753,Van,483.25,Diesel,2023,DRV00350,Active
VEH00561,UP22C3111,Van,331.03,CNG,2026,DRV00385,Active
VEH00562,UP48D4408,Van,374.82,Diesel,2025,DRV00090,Active
VEH00563,UP19A7507,Bike,13.41,Petrol,2020,DRV00880,Active
VEH00564,UP54C4417,Van,116.06,CNG,2019,DRV00484,Active
VEH00565,UP91A7313,Van,429.59,Petrol,2024,DRV00944,Maintenance
VEH00566,UP30D2099,Truck,3455.51,Diesel,2019,DRV00113,Active
VEH00567,UP99B6725,Bike,11.3,CNG,2021,DRV00875,Active
VEH00568,UP38C1625,Mini Truck,930.73,Petrol,2025,DRV00532,Active
VEH00569,UP84D6853,Mini Truck,658.5,Diesel,2021,DRV00860,Inactive
VEH00570,UP66A3897,Bike,16.53,Petrol,2023,DRV00337,Maintenance
VEH00571,UP77B8924,Mini Truck,954.76,Electric,2020,DRV00635,Active
VEH00572,UP88E9075,Truck,4211.69,CNG,2026,DRV00768,Active
VEH00573,UP53D5063,Van,195.68,Petrol,2025,DRV00075,Active
VEH00574,UP77D3323,Bike,8.11,Diesel,2024,DRV00445,Active
VEH00575,UP64D5839,Mini Truck,1248.28,Petrol,2024,DRV00625,Active
VEH00576,UP21D8608,Heavy Truck,14428.37,Diesel,2019,DRV00777,Active
VEH00577,UP64A7169,Truck,4862.3,Petrol,2025,DRV00930,Active
VEH00578,UP18A8368,Van,154.55,CNG,2023,DRV00887,Active
VEH00579,UP70A3916,Bike,5.2,Diesel,2026,DRV00389,Maintenance
VEH00580,UP46C2533,Mini Truck,1186.65,Diesel,2026,DRV00895,Active
VEH00581,UP21E4224,Mini Truck,597.71,Diesel,2022,DRV00338,Active
VEH00582,UP50E6797,Van,134.03,CNG,2026,DRV00106,Active
VEH00583,UP76A9290,Van,200.48,Electric,2025,DRV00351,Active
VEH00584,UP67D2833,Truck,3543.54,CNG,2018,DRV00867,Active
VEH00585,UP79E9811,Truck,2012.59,Petrol,2019,DRV00512,Active
VEH00586,UP94C1904,Truck,3725.7,Electric,2022,DRV00189,Active
VEH00587,UP50D9410,Heavy Truck,5992.91,Diesel,2025,DRV00415,Active
VEH00588,UP72D5166,Bike,18.17,Electric,2024,DRV00485,Maintenance
VEH00589,UP25E6205,Truck,4026.41,Electric,2020,DRV00052,Active
VEH00590,UP64C5812,Truck,1634.42,Petrol,2024,DRV00917,Inactive
VEH00591,UP75E4740,Van,355.85,Electric,2018,DRV00984,Active
VEH00592,UP99A8909,Mini Truck,1248.27,Petrol,2026,DRV00781,Maintenance
VEH00593,UP39B5955,Van,209.73,Petrol,2020,DRV00805,Inactive
VEH00594,UP18D9947,Heavy Truck,12874.97,CNG,2018,DRV00527,Active
VEH00595,UP81C9923,Bike,29.13,Petrol,2019,DRV00594,Active
VEH00596,UP54C2808,Van,195.85,Electric,2020,DRV00810,Inactive
VEH00597,UP47E3268,Van,242.79,CNG,2023,DRV00298,Active
VEH00598,UP96A8625,Van,187.36,Diesel,2024,DRV00406,Active
VEH00599,UP55D6163,Mini Truck,992.26,Diesel,2021,DRV00766,Active
VEH00600,UP44C3822,Van,102.69,Petrol,2026,DRV00466,Active
VEH00601,UP13A7832,Van,320.09,Diesel,2026,DRV00078,Active
VEH00602,UP97E1348,Truck,1683.79,Petrol,2019,DRV00962,Maintenance
VEH00603,UP33D5686,Mini Truck,1278.2,Petrol,2023,DRV00281,Active
VEH00604,UP13E4056,Mini Truck,726.35,Diesel,2019,DRV00119,Active
VEH00605,UP24D1135,Bike,22.88,Diesel,2023,DRV00480,Active
VEH00606,UP84B3180,Truck,4552.45,Diesel,2018,DRV00166,Active
VEH00607,UP41A1088,Heavy Truck,12208.61,Diesel,2020,DRV00570,Active
VEH00608,UP86D9121,Mini Truck,802.47,CNG,2023,DRV00726,Inactive
VEH00609,UP49D9156,Bike,16.99,Diesel,2021,DRV00008,Active
VEH00610,UP95C5877,Van,246.58,Diesel,2020,DRV00338,Maintenance
VEH00611,UP58A7229,Mini Truck,751.45,Petrol,2024,DRV00812,Active
VEH00612,UP77B4960,Van,423.97,Electric,2026,DRV00218,Active
VEH00613,UP41A6982,Truck,4361.0,Electric,2023,DRV00275,Active
VEH00614,UP65A7226,Truck,1684.31,Electric,2024,DRV00118,Active
VEH00615,UP63E7531,Bike,18.53,Petrol,2022,DRV00355,Active
VEH00616,UP78C5942,Van,430.37,CNG,2019,DRV00624,Active
VEH00617,UP37D5637,Mini Truck,943.41,Electric,2021,DRV00435,Maintenance
VEH00618,UP59E5854,Truck,3922.64,Diesel,2023,DRV00671,Active
VEH00619,UP54C8485,Heavy Truck,9478.03,Petrol,2024,DRV00333,Active
VEH00620,UP30E9875,Van,426.77,Petrol,2020,DRV00144,Active
VEH00621,UP24C5933,Bike,12.63,Electric,2021,DRV00945,Active
VEH00622,UP77D8982,Heavy Truck,6779.35,Diesel,2020,DRV00408,Active
VEH00623,UP11D1614,Truck,4806.28,CNG,2023,DRV00510,Active
VEH00624,UP27B4240,Bike,14.04,Diesel,2020,DRV00141,Active
VEH00625,UP93D3655,Truck,2578.11,Electric,2025,DRV00898,Active
VEH00626,UP12D9570,Truck,3811.91,CNG,2018,DRV00131,Active
VEH00627,UP23A9364,Truck,3734.88,Electric,2023,DRV00586,Active
VEH00628,UP12A4610,Mini Truck,907.18,Petrol,2025,DRV00206,Active
VEH00629,UP67B2151,Van,419.41,Diesel,2024,DRV00698,Active
VEH00630,UP56B8181,Bike,10.42,CNG,2026,DRV00481,Active
VEH00631,UP15A8388,Heavy Truck,7156.07,Diesel,2018,DRV00125,Active
VEH00632,UP26A4748,Van,422.38,Diesel,2022,DRV00774,Active
VEH00633,UP21E3486,Bike,28.46,Diesel,2020,DRV00771,Active
VEH00634,UP15C1904,Van,112.98,Petrol,2026,DRV00770,Active
VEH00635,UP88B1979,Mini Truck,735.7,Diesel,2020,DRV00362,Active
VEH00636,UP94D5708,Heavy Truck,14808.62,Electric,2021,DRV00239,Inactive
VEH00637,UP57D4957,Mini Truck,1390.96,Diesel,2020,DRV00688,Active
VEH00638,UP46D9466,Bike,11.52,Petrol,2021,DRV00315,Active
VEH00639,UP30C2665,Bike,12.21,Diesel,2018,DRV00255,Active
VEH00640,UP94A9487,Truck,4759.28,Petrol,2024,DRV00643,Active
VEH00641,UP92D1417,Heavy Truck,13561.11,Electric,2021,DRV00817,Active
VEH00642,UP78C2561,Bike,7.8,Petrol,2021,DRV00510,Active
VEH00643,UP66B3767,Van,322.37,Petrol,2025,DRV00641,Maintenance
VEH00644,UP36D3740,Mini Truck,872.64,Electric,2024,DRV00450,Active
VEH00645,UP32C2009,Mini Truck,849.25,CNG,2019,DRV00088,Active
VEH00646,UP90C9139,Mini Truck,502.1,CNG,2024,DRV00893,Active
VEH00647,UP35E8732,Mini Truck,1267.56,Diesel,2018,DRV00367,Active
VEH00648,UP35E4146,Truck,3185.38,Electric,2019,DRV00236,Active
VEH00649,UP93E6767,Bike,9.0,Diesel,2022,DRV00988,Active
VEH00650,UP96D5247,Mini Truck,600.86,Diesel,2020,DRV00310,Active
VEH00651,UP13D3350,Truck,2596.36,Diesel,2018,DRV00123,Active
VEH00652,UP32B1986,Van,174.72,CNG,2018,DRV00814,Maintenance
VEH00653,UP92E8453,Mini Truck,531.59,Petrol,2018,DRV00744,Maintenance
VEH00654,UP44E4460,Truck,4640.33,Electric,2021,DRV00347,Active
VEH00655,UP31A6241,Truck,2264.32,Diesel,2020,DRV00038,Active
VEH00656,UP69C5320,Mini Truck,504.78,CNG,2026,DRV00531,Active
VEH00657,UP82C7089,Mini Truck,835.77,Petrol,2022,DRV00619,Active
VEH00658,UP81E1150,Mini Truck,1033.41,Diesel,2018,DRV00552,Active
VEH00659,UP17C9570,Heavy Truck,7015.35,Diesel,2025,DRV00938,Active
VEH00660,UP37C9969,Truck,2828.68,Electric,2019,DRV00641,Active
VEH00661,UP89E2953,Bike,27.86,Diesel,2019,DRV00279,Active
VEH00662,UP59E6542,Van,493.13,CNG,2019,DRV00141,Active
VEH00663,UP82E6061,Heavy Truck,8560.82,CNG,2024,DRV00528,Active
VEH00664,UP94D5190,Mini Truck,1099.4,Diesel,2026,DRV00313,Active
VEH00665,UP24C3037,Truck,3268.15,Diesel,2019,DRV00467,Maintenance
VEH00666,UP23C4381,Van,422.43,Electric,2019,DRV00437,Active
VEH00667,UP18C8581,Truck,4558.47,Diesel,2021,DRV00955,Active
VEH00668,UP20A9761,Truck,3600.17,CNG,2025,DRV00785,Active
VEH00669,UP61C6066,Truck,4341.22,CNG,2019,DRV00258,Maintenance
VEH00670,UP22B2013,Mini Truck,1232.06,Diesel,2020,DRV00180,Active
VEH00671,UP15D2116,Bike,15.21,CNG,2024,DRV00782,Inactive
VEH00672,UP33A4233,Mini Truck,842.47,Petrol,2024,DRV00072,Maintenance
VEH00673,UP19B2362,Heavy Truck,9650.97,Diesel,2025,DRV00956,Active
VEH00674,UP38C7787,Mini Truck,1132.05,Petrol,2023,DRV00846,Active
VEH00675,UP69B3773,Van,100.75,Diesel,2020,DRV00862,Active
VEH00676,UP81B2455,Van,370.76,Diesel,2020,DRV00924,Active
VEH00677,UP91C1949,Bike,14.31,Diesel,2024,DRV00007,Active
VEH00678,UP39D2697,Heavy Truck,11089.57,Petrol,2025,DRV00428,Active
VEH00679,UP60C3149,Heavy Truck,13646.2,Diesel,2023,DRV00513,Active
VEH00680,UP32C2597,Mini Truck,1354.81,Diesel,2019,DRV00629,Active
VEH00681,UP22A1737,Bike,11.91,Diesel,2026,DRV00765,Active
VEH00682,UP25B9817,Truck,4831.02,CNG,2022,DRV00658,Active
VEH00683,UP12C4101,Van,480.01,Diesel,2025,DRV00513,Active
VEH00684,UP59E7030,Van,471.93,Diesel,2026,DRV00430,Active
VEH00685,UP16D8780,Truck,2946.52,Diesel,2020,DRV00393,Active
VEH00686,UP63B6473,Van,324.85,Petrol,2026,DRV00616,Active
VEH00687,UP16D7602,Mini Truck,1170.47,Petrol,2018,DRV00324,Active
VEH00688,UP34E1971,Heavy Truck,5022.26,Petrol,2022,DRV00604,Active
VEH00689,UP12C8455,Mini Truck,515.18,CNG,2024,DRV00478,Maintenance
VEH00690,UP41A5807,Van,266.43,Petrol,2021,DRV00240,Maintenance
VEH00691,UP80E6459,Van,238.5,Diesel,2022,DRV00008,Active
VEH00692,UP89D8790,Mini Truck,975.14,Diesel,2024,DRV00012,Active
VEH00693,UP43C6926,Bike,22.66,Diesel,2022,DRV00488,Active
VEH00694,UP61D7529,Van,123.13,Petrol,2023,DRV00789,Active
VEH00695,UP92B5024,Mini Truck,1370.67,Diesel,2025,DRV00444,Active
VEH00696,UP56E1856,Truck,4355.42,Diesel,2021,DRV00073,Active
VEH00697,UP76B7491,Van,164.79,Petrol,2018,DRV00634,Maintenance
VEH00698,UP69D3523,Truck,2558.65,Petrol,2026,DRV00109,Inactive
VEH00699,UP66D9900,Bike,16.65,Diesel,2025,DRV00216,Active
VEH00700,UP82A7922,Bike,29.54,Diesel,2020,DRV00271,Active
VEH00701,UP12B6020,Bike,7.96,Diesel,2026,DRV00043,Active
VEH00702,UP15C2547,Truck,2161.9,Petrol,2024,DRV00426,Active
VEH00703,UP20A3757,Mini Truck,1122.08,Diesel,2019,DRV00895,Active
VEH00704,UP98B4868,Van,465.78,Diesel,2020,DRV00990,Active
VEH00705,UP18E6639,Van,327.38,Petrol,2018,DRV00079,Active
VEH00706,UP89A5946,Heavy Truck,9139.14,Electric,2018,DRV00337,Active
VEH00707,UP43B5678,Bike,19.39,Electric,2019,DRV00335,Active
VEH00708,UP86C3641,Mini Truck,1461.24,Diesel,2025,DRV00889,Active
VEH00709,UP94B1863,Mini Truck,579.82,Diesel,2023,DRV00989,Active
VEH00710,UP36C3711,Bike,14.75,Diesel,2020,DRV00212,Active
VEH00711,UP27A8704,Bike,27.5,Electric,2023,DRV00017,Inactive
VEH00712,UP17C5934,Van,472.24,Electric,2023,DRV00856,Active
VEH00713,UP93D6653,Van,334.16,Diesel,2021,DRV00510,Active
VEH00714,UP96B5094,Mini Truck,1031.53,Petrol,2022,DRV00322,Active
VEH00715,UP15D6122,Van,415.28,Petrol,2026,DRV00209,Active
VEH00716,UP53C7234,Bike,8.83,Petrol,2026,DRV00035,Maintenance
VEH00717,UP94A5943,Heavy Truck,9889.96,Diesel,2022,DRV00181,Active
VEH00718,UP19E7649,Truck,2556.52,Electric,2023,DRV00316,Active
VEH00719,UP26D8594,Van,228.28,Diesel,2022,DRV00812,Active
VEH00720,UP73E5103,Truck,4521.96,CNG,2019,DRV00415,Maintenance
VEH00721,UP26A4533,Truck,4790.81,CNG,2018,DRV00604,Maintenance
VEH00722,UP88B1803,Heavy Truck,12234.49,CNG,2022,DRV00400,Maintenance
VEH00723,UP13D4540,Truck,2435.18,Electric,2026,DRV00434,Active
VEH00724,UP88C8335,Bike,9.84,Electric,2023,DRV00982,Active
VEH00725,UP91C1719,Truck,3041.48,Diesel,2021,DRV00992,Active
VEH00726,UP21B7203,Van,285.92,CNG,2026,DRV00169,Maintenance
VEH00727,UP13D5542,Truck,4526.23,CNG,2025,DRV00455,Active
VEH00728,UP31C5500,Truck,4039.87,Petrol,2026,DRV00294,Active
VEH00729,UP71A1609,Mini Truck,897.11,Petrol,2026,DRV00532,Inactive
VEH00730,UP41A5654,Heavy Truck,10173.01,Petrol,2025,DRV00151,Active
VEH00731,UP37D5007,Van,442.08,Diesel,2019,DRV00874,Active
VEH00732,UP71B6800,Bike,17.47,Electric,2023,DRV00919,Active
VEH00733,UP60E8804,Mini Truck,1492.39,CNG,2019,DRV00974,Maintenance
VEH00734,UP64E2074,Van,117.26,Petrol,2019,DRV00355,Maintenance
VEH00735,UP98C2235,Van,409.97,Diesel,2025,DRV00871,Active
VEH00736,UP64C7613,Truck,3849.77,Electric,2022,DRV00538,Inactive
VEH00737,UP66B4398,Truck,3294.27,Petrol,2026,DRV00085,Maintenance
VEH00738,UP34A4842,Truck,4518.17,Electric,2025,DRV00038,Active
VEH00739,UP65E1895,Truck,1714.89,Diesel,2025,DRV00473,Maintenance
VEH00740,UP30E2439,Mini Truck,1356.45,Petrol,2026,DRV00739,Active
VEH00741,UP51E6246,Mini Truck,951.61,Petrol,2020,DRV00446,Active
VEH00742,UP66D6637,Van,257.95,Diesel,2018,DRV00198,Active
VEH00743,UP60D6296,Mini Truck,1491.91,Petrol,2021,DRV00875,Active
VEH00744,UP90C3848,Mini Truck,869.26,Diesel,2021,DRV00238,Active
VEH00745,UP96E9163,Bike,10.37,Diesel,2024,DRV00514,Inactive
VEH00746,UP10B4077,Truck,3635.42,CNG,2023,DRV00227,Active
VEH00747,UP39B4871,Heavy Truck,12899.89,Diesel,2021,DRV00736,Active
VEH00748,UP69D6472,Bike,24.27,Diesel,2019,DRV00137,Active
VEH00749,UP91D1321,Bike,25.56,Petrol,2024,DRV00928,Maintenance
VEH00750,UP70C1224,Truck,2538.37,Diesel,2018,DRV00368,Active
VEH00751,UP95A4785,Mini Truck,1424.3,Diesel,2021,DRV00667,Active
VEH00752,UP72D7079,Mini Truck,1180.79,CNG,2018,DRV00565,Active
VEH00753,UP75B1656,Van,359.11,CNG,2026,DRV00405,Active
VEH00754,UP66E8557,Van,171.38,Electric,2022,DRV00593,Active
VEH00755,UP13D3633,Truck,2638.79,CNG,2025,DRV00578,Active
VEH00756,UP83D4976,Truck,2713.8,Diesel,2024,DRV00704,Active
VEH00757,UP22B7083,Mini Truck,876.31,CNG,2024,DRV00641,Active
VEH00758,UP77C5292,Heavy Truck,10890.71,Diesel,2018,DRV00355,Active
VEH00759,UP15D9489,Van,138.54,Electric,2022,DRV00793,Active
VEH00760,UP99A9886,Van,467.88,Petrol,2024,DRV00639,Active
VEH00761,UP52E2826,Van,118.87,Electric,2025,DRV00064,Active
VEH00762,UP14D3092,Van,168.37,Petrol,2022,DRV00655,Active
VEH00763,UP38E6803,Truck,3382.64,Diesel,2025,DRV00153,Maintenance
VEH00764,UP66C2311,Van,349.44,Petrol,2019,DRV00702,Active
VEH00765,UP70A2882,Van,342.87,Diesel,2022,DRV00353,Active
VEH00766,UP63A2713,Bike,12.39,Diesel,2023,DRV00704,Active
VEH00767,UP85B3616,Van,295.93,Petrol,2025,DRV00529,Active
VEH00768,UP48C1408,Heavy Truck,13937.38,Petrol,2019,DRV00376,Active
VEH00769,UP46D5170,Bike,12.34,CNG,2018,DRV00586,Active
VEH00770,UP45C6957,Bike,23.25,Electric,2022,DRV00394,Active
VEH00771,UP31E9784,Truck,3254.53,Petrol,2020,DRV00952,Active
VEH00772,UP23C8189,Bike,14.22,Diesel,2021,DRV00324,Active
VEH00773,UP65A5603,Bike,9.65,Diesel,2022,DRV00896,Active
VEH00774,UP73A4795,Mini Truck,1020.58,Diesel,2024,DRV00013,Inactive
VEH00775,UP19D5903,Heavy Truck,6694.23,Diesel,2020,DRV00992,Maintenance
VEH00776,UP55C4014,Truck,4850.4,Petrol,2026,DRV00509,Active
VEH00777,UP72D6898,Mini Truck,1324.02,Diesel,2024,DRV00946,Active
VEH00778,UP53D4961,Bike,5.29,Petrol,2020,DRV00657,Active
VEH00779,UP54D4361,Van,197.78,Diesel,2022,DRV00628,Active
VEH00780,UP14D5876,Bike,5.36,Diesel,2024,DRV00443,Active
VEH00781,UP12E6951,Heavy Truck,7706.97,CNG,2024,DRV00890,Active
VEH00782,UP35D1231,Heavy Truck,9511.88,Petrol,2021,DRV00568,Active
VEH00783,UP53A7869,Truck,1663.22,Electric,2024,DRV00761,Maintenance
VEH00784,UP94B5274,Van,477.64,CNG,2021,DRV00347,Active
VEH00785,UP74C1181,Van,319.55,Diesel,2024,DRV00639,Active
VEH00786,UP24B5619,Truck,3029.46,CNG,2026,DRV00188,Active
VEH00787,UP76C5645,Bike,13.17,Petrol,2018,DRV00197,Active
VEH00788,UP93A1538,Mini Truck,713.42,CNG,2019,DRV00077,Active
VEH00789,UP89D5822,Mini Truck,855.44,Diesel,2025,DRV00913,Inactive
VEH00790,UP52C8845,Truck,2935.51,Diesel,2023,DRV00887,Active
VEH00791,UP51C5564,Van,390.57,Electric,2025,DRV00704,Active
VEH00792,UP10E7885,Mini Truck,587.18,Petrol,2026,DRV00876,Active
VEH00793,UP14D7275,Van,261.18,Petrol,2025,DRV00754,Active
VEH00794,UP73B5624,Truck,1579.81,CNG,2025,DRV00802,Active
VEH00795,UP48A8914,Van,346.44,Diesel,2024,DRV00533,Active
VEH00796,UP76A5269,Van,318.14,CNG,2026,DRV00618,Active
VEH00797,UP77A3841,Van,410.66,CNG,2025,DRV00316,Active
VEH00798,UP33B2658,Bike,23.4,Diesel,2022,DRV00002,Active
VEH00799,UP96C8102,Van,486.56,Electric,2019,DRV00809,Active
VEH00800,UP40E4124,Truck,2323.76,Electric,2022,DRV00185,Active
VEH00801,UP35C8538,Van,185.35,CNG,2023,DRV00187,Active
VEH00802,UP95D7455,Van,111.04,Electric,2026,DRV00225,Active
VEH00803,UP28A5361,Heavy Truck,10694.9,CNG,2024,DRV00474,Active
VEH00804,UP88E6669,Mini Truck,648.01,Electric,2024,DRV00366,Active
VEH00805,UP51A9395,Bike,22.72,Diesel,2020,DRV00635,Active
VEH00806,UP13D5785,Truck,3687.94,Diesel,2021,DRV00906,Active
VEH00807,UP71C2232,Truck,3333.03,Electric,2022,DRV00431,Active
VEH00808,UP40B4690,Bike,28.57,Diesel,2020,DRV00488,Active
VEH00809,UP99A5056,Truck,4871.3,Diesel,2018,DRV00519,Active
VEH00810,UP86C1604,Heavy Truck,9434.97,CNG,2024,DRV00731,Active
VEH00811,UP29A7886,Bike,27.61,Petrol,2023,DRV00790,Maintenance
VEH00812,UP87D1142,Truck,4177.82,Petrol,2023,DRV00020,Maintenance
VEH00813,UP28E2195,Bike,28.14,Diesel,2019,DRV00449,Active
VEH00814,UP47C5435,Truck,2848.88,Electric,2022,DRV00340,Active
VEH00815,UP21B5010,Bike,21.06,CNG,2024,DRV00432,Active
VEH00816,UP17E4616,Bike,13.88,CNG,2019,DRV00734,Active
VEH00817,UP35B8931,Van,331.66,Diesel,2023,DRV00954,Active
VEH00818,UP98E5320,Mini Truck,592.53,Petrol,2024,DRV00562,Active
VEH00819,UP16C7398,Heavy Truck,7811.43,Petrol,2026,DRV00678,Inactive
VEH00820,UP58C5921,Mini Truck,559.71,Petrol,2020,DRV00435,Active
VEH00821,UP66E3953,Heavy Truck,13110.17,Diesel,2020,DRV00690,Active
VEH00822,UP17B3374,Van,287.61,Petrol,2018,DRV00292,Active
VEH00823,UP92E6545,Mini Truck,1057.64,CNG,2024,DRV00142,Active
VEH00824,UP29C8565,Truck,4593.01,Diesel,2019,DRV00883,Maintenance
VEH00825,UP97E7039,Truck,3257.95,Diesel,2021,DRV00190,Active
VEH00826,UP47B8019,Truck,3096.34,CNG,2019,DRV00464,Active
VEH00827,UP22A1937,Van,473.93,CNG,2022,DRV00585,Active
VEH00828,UP52E7123,Mini Truck,507.16,CNG,2024,DRV00744,Maintenance
VEH00829,UP16C4133,Truck,4492.41,Diesel,2021,DRV00763,Active
VEH00830,UP86D7696,Van,124.85,Petrol,2020,DRV00506,Active
VEH00831,UP95A3988,Heavy Truck,8832.5,Petrol,2024,DRV00279,Maintenance
VEH00832,UP38C8381,Mini Truck,1081.53,Diesel,2024,DRV00032,Active
VEH00833,UP56B4926,Mini Truck,995.94,Diesel,2026,DRV00410,Active
VEH00834,UP39C6285,Van,133.95,CNG,2023,DRV00340,Maintenance
VEH00835,UP79D6204,Van,158.56,CNG,2024,DRV00800,Active
VEH00836,UP72B8918,Van,437.65,CNG,2019,DRV00468,Active
VEH00837,UP89D4844,Truck,1786.93,Diesel,2018,DRV00262,Active
VEH00838,UP30B8214,Van,482.73,CNG,2025,DRV00027,Active
VEH00839,UP14A8875,Truck,4471.22,Diesel,2023,DRV00603,Active
VEH00840,UP94A6029,Mini Truck,1182.64,Petrol,2019,DRV00055,Inactive
VEH00841,UP48A9729,Van,461.89,Diesel,2020,DRV00206,Inactive
VEH00842,UP47A6015,Bike,13.38,CNG,2025,DRV00660,Active
VEH00843,UP62A2686,Heavy Truck,5934.82,Diesel,2021,DRV00132,Active
VEH00844,UP62E3405,Truck,4801.28,Electric,2025,DRV00780,Active
VEH00845,UP71B6395,Bike,8.19,Diesel,2020,DRV00499,Inactive
VEH00846,UP86D5469,Mini Truck,896.59,Petrol,2023,DRV00647,Active
VEH00847,UP36A7355,Mini Truck,909.11,Diesel,2024,DRV00584,Active
VEH00848,UP27A1502,Mini Truck,954.04,Diesel,2026,DRV00497,Active
VEH00849,UP94D5814,Mini Truck,1138.55,Petrol,2023,DRV00024,Active
VEH00850,UP82E5982,Heavy Truck,13158.99,Diesel,2025,DRV00933,Active
VEH00851,UP85D5963,Heavy Truck,5060.51,CNG,2025,DRV00792,Active
VEH00852,UP63A4056,Truck,2430.97,Diesel,2025,DRV00110,Active
VEH00853,UP36D3960,Mini Truck,1357.85,Diesel,2024,DRV00439,Active
VEH00854,UP58E5491,Truck,2547.94,Electric,2024,DRV00160,Active
VEH00855,UP12B2895,Truck,4407.14,CNG,2024,DRV00954,Active
VEH00856,UP14D3663,Truck,1751.61,Diesel,2020,DRV00147,Active
VEH00857,UP34C7713,Van,263.44,Diesel,2025,DRV00016,Active
VEH00858,UP45E8421,Van,168.62,Electric,2022,DRV00160,Active
VEH00859,UP29A5416,Truck,2044.31,Diesel,2024,DRV00518,Active
VEH00860,UP58D5434,Bike,7.49,CNG,2025,DRV00836,Active
VEH00861,UP47C4990,Van,390.88,Diesel,2022,DRV00510,Maintenance
VEH00862,UP22E3081,Heavy Truck,6316.76,Diesel,2026,DRV00858,Active
VEH00863,UP84B4399,Truck,3207.64,Diesel,2022,DRV00629,Active
VEH00864,UP86B3762,Mini Truck,1198.64,Petrol,2018,DRV00895,Active
VEH00865,UP60D2164,Van,108.98,CNG,2020,DRV00580,Active
VEH00866,UP45B4403,Bike,8.66,Diesel,2022,DRV00321,Active
VEH00867,UP10A4952,Bike,7.4,Diesel,2024,DRV00856,Active
VEH00868,UP50B6395,Mini Truck,815.96,Diesel,2021,DRV00494,Active
VEH00869,UP41A2953,Truck,2455.55,Diesel,2025,DRV00359,Active
VEH00870,UP93A9394,Mini Truck,857.95,CNG,2023,DRV00165,Active
VEH00871,UP93E2237,Mini Truck,1254.86,Diesel,2020,DRV00443,Maintenance
VEH00872,UP84C2539,Bike,7.81,Electric,2020,DRV00398,Maintenance
VEH00873,UP42A8212,Van,426.71,Diesel,2018,DRV00102,Active
VEH00874,UP17E3298,Van,396.25,Electric,2019,DRV00598,Active
VEH00875,UP68A9741,Heavy Truck,12358.87,Petrol,2024,DRV00891,Active
VEH00876,UP49E8853,Bike,13.63,Electric,2023,DRV00002,Active
VEH00877,UP42A8969,Van,429.71,CNG,2024,DRV00548,Active
VEH00878,UP37D7231,Van,121.6,CNG,2018,DRV00571,Active
VEH00879,UP79B4119,Mini Truck,821.47,CNG,2024,DRV00791,Active
VEH00880,UP24D7444,Mini Truck,829.96,Diesel,2023,DRV00932,Active
VEH00881,UP71C8200,Mini Truck,638.01,CNG,2023,DRV00843,Inactive
VEH00882,UP82A1544,Heavy Truck,10548.69,Diesel,2022,DRV00901,Active
VEH00883,UP36B5873,Mini Truck,900.34,Diesel,2026,DRV00632,Active
VEH00884,UP84A1959,Mini Truck,1340.63,CNG,2026,DRV00177,Maintenance
VEH00885,UP80B7550,Mini Truck,1483.38,Petrol,2022,DRV00180,Active
VEH00886,UP72A3407,Truck,2252.32,Diesel,2020,DRV00896,Maintenance
VEH00887,UP89C4239,Bike,24.5,Petrol,2021,DRV00520,Inactive
VEH00888,UP95D7798,Heavy Truck,5680.71,Diesel,2019,DRV00485,Active
VEH00889,UP41D8340,Heavy Truck,12672.94,Petrol,2022,DRV00495,Active
VEH00890,UP82C6606,Van,123.57,CNG,2026,DRV00353,Active
VEH00891,UP52E7090,Heavy Truck,8497.33,Electric,2023,DRV00289,Active
VEH00892,UP67E5736,Bike,29.81,Diesel,2020,DRV00359,Active
VEH00893,UP46E8966,Bike,17.15,Petrol,2019,DRV00592,Active
VEH00894,UP86C3301,Heavy Truck,9633.43,Diesel,2026,DRV00618,Active
VEH00895,UP43B1795,Truck,1528.66,CNG,2020,DRV00746,Active
VEH00896,UP51B5845,Van,424.51,Diesel,2024,DRV00926,Active
VEH00897,UP89A3320,Mini Truck,715.65,Electric,2022,DRV00990,Active
VEH00898,UP83B9514,Truck,4508.38,Diesel,2018,DRV00646,Active
VEH00899,UP80B2053,Truck,4658.99,CNG,2023,DRV00913,Inactive
VEH00900,UP73E1233,Heavy Truck,8837.0,Petrol,2018,DRV00017,Active
VEH00901,UP34C2301,Heavy Truck,5146.38,Petrol,2026,DRV00762,Active
VEH00902,UP52A5257,Truck,2677.96,CNG,2023,DRV00636,Active
VEH00903,UP22A3080,Heavy Truck,8023.03,Diesel,2023,DRV00689,Active
VEH00904,UP45D4694,Truck,3165.42,Diesel,2019,DRV00869,Active
VEH00905,UP28B3913,Heavy Truck,11159.91,Petrol,2025,DRV00166,Active
VEH00906,UP37D8792,Van,234.32,CNG,2024,DRV00097,Active
VEH00907,UP81E8390,Van,499.16,Diesel,2019,DRV00856,Active
VEH00908,UP78D5184,Van,136.31,Diesel,2023,DRV00260,Active
VEH00909,UP63E6109,Mini Truck,1458.85,Petrol,2025,DRV00131,Active
VEH00910,UP22E2732,Van,495.01,CNG,2024,DRV00281,Active
VEH00911,UP21D2550,Van,246.65,Diesel,2025,DRV00877,Active
VEH00912,UP94B9485,Bike,21.82,CNG,2024,DRV00683,Active
VEH00913,UP85D2376,Van,152.48,Diesel,2025,DRV00374,Active
VEH00914,UP85A6578,Mini Truck,1117.98,Electric,2026,DRV00550,Active
VEH00915,UP95A1171,Truck,4515.37,Diesel,2025,DRV00243,Active
VEH00916,UP58A8104,Truck,1794.69,Diesel,2020,DRV00627,Active
VEH00917,UP95C2001,Van,268.48,Diesel,2024,DRV00967,Active
VEH00918,UP72B6147,Mini Truck,568.37,Petrol,2026,DRV00038,Active
VEH00919,UP30C4499,Van,357.1,Diesel,2022,DRV00371,Active
VEH00920,UP99E5218,Mini Truck,683.12,Diesel,2024,DRV00821,Maintenance
VEH00921,UP10B1409,Truck,3651.73,Diesel,2018,DRV00437,Active
VEH00922,UP31A3403,Truck,1874.73,Electric,2022,DRV00231,Maintenance
VEH00923,UP64A6375,Truck,2421.67,Diesel,2023,DRV00621,Active
VEH00924,UP52C9820,Van,360.32,Diesel,2023,DRV00138,Maintenance
VEH00925,UP68A5392,Truck,2133.49,Diesel,2021,DRV00041,Active
VEH00926,UP51B6050,Truck,2798.62,Diesel,2020,DRV00414,Active
VEH00927,UP41C7734,Heavy Truck,12869.37,Diesel,2021,DRV00738,Active
VEH00928,UP22E2058,Truck,2202.02,Petrol,2018,DRV00244,Active
VEH00929,UP85A1496,Van,411.01,Electric,2022,DRV00005,Active
VEH00930,UP31D5095,Bike,12.98,Electric,2018,DRV00234,Maintenance
VEH00931,UP83C4262,Van,229.96,Petrol,2021,DRV00519,Active
VEH00932,UP57A2161,Mini Truck,821.04,Petrol,2018,DRV00546,Active
VEH00933,UP81E4853,Van,217.54,Diesel,2018,DRV00935,Active
VEH00934,UP73B1458,Van,467.84,Diesel,2019,DRV00055,Maintenance
VEH00935,UP81C4801,Bike,15.8,Diesel,2021,DRV00690,Active
VEH00936,UP11A6674,Mini Truck,645.09,Diesel,2019,DRV00122,Active
VEH00937,UP52A5243,Mini Truck,844.49,Petrol,2022,DRV00296,Inactive
VEH00938,UP94A5118,Bike,18.14,Petrol,2025,DRV00803,Active
VEH00939,UP65C6868,Van,105.1,Diesel,2022,DRV00713,Active
VEH00940,UP36B4909,Heavy Truck,11870.89,Diesel,2024,DRV00868,Active
VEH00941,UP47D7641,Mini Truck,534.77,CNG,2020,DRV00976,Maintenance
VEH00942,UP32A1337,Mini Truck,1481.7,Electric,2022,DRV00224,Active
VEH00943,UP51D3999,Mini Truck,1320.75,Petrol,2021,DRV00795,Active
VEH00944,UP56D7246,Truck,2659.27,Diesel,2019,DRV00437,Active
VEH00945,UP15D3241,Truck,2358.35,Diesel,2023,DRV00501,Active
VEH00946,UP56D7749,Van,409.34,CNG,2023,DRV00996,Active
VEH00947,UP31A7983,Van,128.79,Diesel,2020,DRV00022,Active
VEH00948,UP24D2751,Truck,2461.82,Petrol,2026,DRV00589,Active
VEH00949,UP83C8825,Bike,11.68,Diesel,2021,DRV00787,Active
VEH00950,UP21C3192,Bike,14.32,Petrol,2024,DRV00969,Active
VEH00951,UP39A8404,Heavy Truck,13111.66,Diesel,2024,DRV00858,Active
VEH00952,UP92C1101,Bike,17.96,Diesel,2026,DRV00958,Active
VEH00953,UP37D8879,Bike,22.42,Electric,2018,DRV00054,Active
VEH00954,UP63B2528,Van,414.01,Diesel,2018,DRV00119,Active
VEH00955,UP13D1861,Truck,2185.43,Petrol,2025,DRV00758,Active
VEH00956,UP35A8250,Bike,17.64,Diesel,2020,DRV00163,Active
VEH00957,UP59C5803,Van,266.48,Diesel,2018,DRV00602,Active
VEH00958,UP19C7250,Van,444.96,Diesel,2021,DRV00258,Active
VEH00959,UP86D5522,Truck,3050.71,CNG,2026,DRV00983,Active
VEH00960,UP13E7123,Mini Truck,821.44,Petrol,2018,DRV00835,Active
VEH00961,UP58E6705,Van,456.07,CNG,2025,DRV00841,Active
VEH00962,UP47C8264,Bike,10.91,Diesel,2020,DRV00263,Active
VEH00963,UP97C6428,Van,120.49,Diesel,2024,DRV00792,Active
VEH00964,UP34B3572,Heavy Truck,9944.39,Petrol,2020,DRV00198,Active
VEH00965,UP36E2771,Truck,2667.72,Diesel,2025,DRV00173,Active
VEH00966,UP39C2566,Truck,3499.26,Petrol,2018,DRV00808,Active
VEH00967,UP85C1517,Van,361.61,CNG,2024,DRV00660,Active
VEH00968,UP38B9872,Bike,28.95,CNG,2022,DRV00655,Active
VEH00969,UP27C7227,Heavy Truck,8779.72,Petrol,2018,DRV00720,Active
VEH00970,UP94D4161,Truck,2840.26,CNG,2023,DRV00961,Active
VEH00971,UP65D7711,Bike,27.56,Petrol,2022,DRV00207,Maintenance
VEH00972,UP58C8446,Van,397.03,CNG,2020,DRV00915,Active
VEH00973,UP95C7364,Truck,3225.59,Petrol,2021,DRV00959,Active
VEH00974,UP22D3732,Mini Truck,1230.21,CNG,2026,DRV00630,Maintenance
VEH00975,UP12B4629,Van,446.52,Petrol,2025,DRV00630,Active
VEH00976,UP71B4172,Truck,3241.77,Diesel,2018,DRV00540,Active
VEH00977,UP41B3693,Mini Truck,1401.01,Diesel,2024,DRV00351,Active
VEH00978,UP68E3102,Mini Truck,1236.68,Diesel,2020,DRV00540,Active
VEH00979,UP33A3512,Bike,14.18,Petrol,2018,DRV00792,Active
VEH00980,UP52B8327,Bike,5.76,Petrol,2018,DRV00436,Active
VEH00981,UP77E4311,Mini Truck,838.55,Electric,2019,DRV00150,Active
VEH00982,UP98E7188,Truck,4336.86,CNG,2023,DRV00475,Active
VEH00983,UP50B7100,Bike,22.03,Electric,2025,DRV00608,Active
VEH00984,UP30D2947,Mini Truck,976.96,Diesel,2021,DRV00939,Active
VEH00985,UP33C9475,Truck,4522.88,Diesel,2022,DRV00043,Active
VEH00986,UP49A5034,Bike,17.58,CNG,2023,DRV00441,Active
VEH00987,UP27E7875,Bike,15.76,Petrol,2022,DRV00945,Active
VEH00988,UP59E3867,Van,230.34,Petrol,2020,DRV00666,Maintenance
VEH00989,UP71E6799,Bike,27.03,Petrol,2019,DRV00468,Active
VEH00990,UP58B3735,Mini Truck,1296.1,Petrol,2026,DRV00073,Active
VEH00991,UP63D4952,Heavy Truck,7517.88,Electric,2026,DRV00683,Inactive
VEH00992,UP36B6541,Truck,3315.61,Petrol,2022,DRV00623,Active
VEH00993,UP51C8101,Van,412.05,Diesel,2021,DRV00131,Active
VEH00994,UP91C7021,Truck,2908.86,Electric,2019,DRV00056,Active
VEH00995,UP21E9869,Bike,8.45,Diesel,2018,DRV00478,Active
VEH00996,UP13E6072,Mini Truck,1276.95,Diesel,2021,DRV00618,Active
VEH00997,UP76E9115,Van,234.39,Electric,2024,DRV00740,Active
VEH00998,UP60A4081,Truck,3847.49,Diesel,2026,DRV00300,Active
VEH00999,UP26D3222,Truck,4219.93,Petrol,2023,DRV00609,Maintenance
VEH01000,UP18D1218,Van,498.76,Petrol,2021,DRV00878,Active
VEH01001,UP74B3454,Van,327.77,CNG,2020,DRV00245,Active
VEH01002,UP41C7359,Mini Truck,804.09,Petrol,2020,DRV00694,Active
VEH01003,UP84B5905,Mini Truck,1312.83,Diesel,2021,DRV00883,Active
VEH01004,UP47B3219,Van,151.77,CNG,2019,DRV00590,Active
VEH01005,UP76B9405,Van,368.23,Electric,2019,DRV00640,Inactive
VEH01006,UP46B8448,Mini Truck,560.12,Diesel,2026,DRV00785,Active
VEH01007,UP55B5129,Van,170.42,Diesel,2026,DRV00354,Active
VEH01008,UP27C5768,Heavy Truck,5702.56,Electric,2026,DRV00564,Active
VEH01009,UP76C7463,Truck,4962.01,CNG,2019,DRV00346,Active
VEH01010,UP10A6771,Truck,1915.24,Diesel,2019,DRV00731,Inactive
VEH01011,UP42D8440,Mini Truck,865.64,Diesel,2026,DRV00956,Active
VEH01012,UP81A3636,Truck,1607.07,Diesel,2022,DRV00076,Active
VEH01013,UP62E6704,Heavy Truck,10917.46,Diesel,2018,DRV00640,Active
VEH01014,UP30C8499,Heavy Truck,6332.03,Diesel,2026,DRV00719,Maintenance
VEH01015,UP55C6976,Mini Truck,1044.26,Electric,2019,DRV00989,Active
VEH01016,UP78C6858,Bike,19.17,CNG,2023,DRV00607,Active
VEH01017,UP59E6204,Van,479.9,CNG,2025,DRV00893,Maintenance
VEH01018,UP74E7738,Mini Truck,527.67,Petrol,2024,DRV00446,Active
VEH01019,UP78A2457,Heavy Truck,6167.6,Electric,2023,DRV00883,Active
VEH01020,UP54C9296,Mini Truck,1495.44,Electric,2023,DRV00333,Active
VEH01021,UP69A5840,Van,482.16,Diesel,2023,DRV00605,Active
VEH01022,UP90C2696,Truck,1754.04,CNG,2020,DRV00384,Active
VEH01023,UP88D5040,Truck,4144.37,Diesel,2023,DRV00727,Active
VEH01024,UP92B2345,Mini Truck,912.32,Diesel,2022,DRV00507,Active
VEH01025,UP92C8940,Van,216.18,CNG,2019,DRV00672,Active
VEH01026,UP32A1357,Mini Truck,837.19,Diesel,2021,DRV00359,Active
VEH01027,UP78C1069,Heavy Truck,11094.99,Petrol,2019,DRV00944,Active
VEH01028,UP36D3065,Truck,1596.82,CNG,2020,DRV00697,Active
VEH01029,UP91B1784,Mini Truck,1250.72,Diesel,2022,DRV00086,Active
VEH01030,UP96D6107,Mini Truck,707.39,Diesel,2019,DRV00839,Active
VEH01031,UP47A9655,Mini Truck,1153.03,CNG,2022,DRV00952,Active
VEH01032,UP47E1844,Truck,1858.83,Diesel,2021,DRV00204,Active
VEH01033,UP47A5044,Truck,2555.57,CNG,2026,DRV00308,Active
VEH01034,UP90B1890,Mini Truck,1415.95,Petrol,2018,DRV00896,Active
VEH01035,UP94D6968,Van,139.57,Diesel,2025,DRV00025,Active
VEH01036,UP11D9194,Heavy Truck,6822.06,Diesel,2024,DRV00178,Active
VEH01037,UP19C6906,Heavy Truck,6542.7,Diesel,2019,DRV00993,Active
VEH01038,UP55E4320,Heavy Truck,5055.92,Petrol,2019,DRV00364,Active
VEH01039,UP18D7073,Mini Truck,1295.83,Petrol,2018,DRV00626,Maintenance
VEH01040,UP19D3175,Mini Truck,1190.97,CNG,2018,DRV00577,Active
VEH01041,UP52E1654,Truck,2932.41,Diesel,2026,DRV00648,Inactive
VEH01042,UP29B9879,Mini Truck,1364.91,Diesel,2025,DRV00986,Active
VEH01043,UP29A1007,Mini Truck,1003.02,Petrol,2020,DRV00896,Active
VEH01044,UP76D1714,Bike,10.48,Petrol,2025,DRV00970,Active
VEH01045,UP11D7718,Bike,18.45,Diesel,2022,DRV00732,Inactive
VEH01046,UP72A1465,Truck,2184.26,Petrol,2020,DRV00324,Active
VEH01047,UP14C9329,Truck,1950.17,Diesel,2024,DRV00601,Active
VEH01048,UP78B6494,Mini Truck,1323.26,Petrol,2022,DRV00266,Active
VEH01049,UP46C3303,Van,427.84,Diesel,2025,DRV00404,Active
VEH01050,UP40A5328,Bike,15.26,Diesel,2023,DRV00152,Inactive
VEH01051,UP49D8870,Bike,14.94,Diesel,2024,DRV00721,Maintenance
VEH01052,UP66D4615,Van,473.74,Diesel,2018,DRV00181,Active
VEH01053,UP20A1743,Bike,18.41,CNG,2021,DRV00708,Active
VEH01054,UP87E7985,Bike,27.14,Petrol,2023,DRV00700,Active
VEH01055,UP27B7427,Mini Truck,506.3,Diesel,2021,DRV00943,Active
VEH01056,UP19B1874,Van,138.22,Diesel,2023,DRV00048,Active
VEH01057,UP93D5170,Mini Truck,986.13,Electric,2023,DRV00343,Active
VEH01058,UP15D8916,Heavy Truck,9068.68,Electric,2025,DRV00523,Active
VEH01059,UP83C2094,Bike,22.26,Electric,2026,DRV00652,Maintenance
VEH01060,UP82D6347,Van,313.4,Diesel,2018,DRV00251,Active
VEH01061,UP80E8396,Heavy Truck,10333.37,Petrol,2021,DRV00367,Maintenance
VEH01062,UP38B8498,Mini Truck,1368.09,Diesel,2024,DRV00916,Active
VEH01063,UP52B2841,Mini Truck,542.5,Diesel,2018,DRV00093,Maintenance
VEH01064,UP81A5430,Bike,10.33,Diesel,2018,DRV00424,Active
VEH01065,UP69E7491,Van,380.93,CNG,2018,DRV00818,Active
VEH01066,UP54A6679,Bike,19.52,Petrol,2026,DRV00023,Active
VEH01067,UP52C5004,Mini Truck,1495.97,Diesel,2018,DRV00441,Active
VEH01068,UP81B2557,Bike,8.92,Diesel,2021,DRV00224,Active
VEH01069,UP54E3775,Mini Truck,1221.9,Diesel,2022,DRV00472,Maintenance
VEH01070,UP26B1325,Van,395.73,CNG,2022,DRV00779,Active
VEH01071,UP39C5645,Van,115.66,CNG,2026,DRV00145,Active
VEH01072,UP82C4579,Heavy Truck,5991.18,Electric,2021,DRV00919,Active
VEH01073,UP83A8978,Van,315.98,Electric,2021,DRV00851,Active
VEH01074,UP27A4066,Bike,7.87,Petrol,2019,DRV00451,Inactive
VEH01075,UP74E5664,Mini Truck,698.71,CNG,2020,DRV00331,Active
VEH01076,UP74B1611,Van,499.61,Diesel,2022,DRV00649,Maintenance
VEH01077,UP87D3586,Bike,10.38,Diesel,2021,DRV00699,Maintenance
VEH01078,UP17D8839,Van,115.21,Diesel,2025,DRV00531,Active
VEH01079,UP90B7061,Van,177.33,Electric,2023,DRV00469,Active
VEH01080,UP84E2002,Bike,28.24,Electric,2025,DRV00410,Active
VEH01081,UP33E5367,Van,316.95,Diesel,2019,DRV00991,Inactive
VEH01082,UP77E5215,Mini Truck,1238.81,Petrol,2026,DRV00002,Active
VEH01083,UP60B8456,Van,418.97,CNG,2021,DRV00413,Active
VEH01084,UP25C7044,Van,438.71,CNG,2020,DRV00883,Active
VEH01085,UP80D2968,Truck,3975.14,Petrol,2023,DRV00941,Active
VEH01086,UP18D1315,Truck,1759.15,Petrol,2022,DRV00589,Active
VEH01087,UP89B2111,Truck,2899.16,Electric,2025,DRV00217,Active
VEH01088,UP24B3263,Truck,1672.64,Petrol,2019,DRV00179,Active
VEH01089,UP16A5023,Truck,4875.95,Diesel,2025,DRV00018,Maintenance
VEH01090,UP59A5318,Van,490.06,Petrol,2022,DRV00644,Active
VEH01091,UP75E9068,Truck,1684.14,Petrol,2018,DRV00021,Active
VEH01092,UP33B3571,Van,288.89,Electric,2022,DRV00881,Active
VEH01093,UP49A3304,Truck,3227.99,Petrol,2023,DRV00356,Active
VEH01094,UP23A2513,Mini Truck,840.27,Electric,2025,DRV00443,Active
VEH01095,UP38D5288,Truck,2248.74,Diesel,2024,DRV00016,Active
VEH01096,UP91B2166,Mini Truck,1242.16,Petrol,2021,DRV00075,Active
VEH01097,UP59B6794,Mini Truck,927.67,CNG,2018,DRV00605,Active
VEH01098,UP69D7675,Van,473.29,Electric,2026,DRV00898,Active
VEH01099,UP69D4955,Mini Truck,1015.79,Diesel,2020,DRV00663,Maintenance
VEH01100,UP33B7021,Heavy Truck,14150.55,CNG,2019,DRV00590,Active
VEH01101,UP72C2108,Truck,3130.86,Diesel,2021,DRV00258,Active
VEH01102,UP35A5024,Bike,18.62,Petrol,2026,DRV00266,Maintenance
VEH01103,UP58C1193,Truck,4085.62,Petrol,2026,DRV00970,Active
VEH01104,UP15C9497,Bike,13.99,Diesel,2024,DRV00421,Active
VEH01105,UP37B6340,Bike,22.16,Diesel,2020,DRV00248,Active
VEH01106,UP60A4292,Truck,1994.04,Electric,2025,DRV00924,Active
VEH01107,UP22E4439,Mini Truck,844.26,Electric,2019,DRV00388,Active
VEH01108,UP34A4730,Mini Truck,997.67,Petrol,2025,DRV00430,Active
VEH01109,UP69C1774,Heavy Truck,12486.19,Electric,2026,DRV00168,Active
VEH01110,UP30A7143,Truck,4566.87,Petrol,2025,DRV00973,Active
VEH01111,UP49C4235,Mini Truck,1236.44,Petrol,2024,DRV00483,Active
VEH01112,UP32A3847,Heavy Truck,9267.79,CNG,2021,DRV00594,Active
VEH01113,UP34B6912,Mini Truck,535.14,CNG,2022,DRV00684,Active
VEH01114,UP68C5937,Truck,2319.18,Petrol,2024,DRV00368,Active
VEH01115,UP55A2714,Bike,25.19,Petrol,2020,DRV00151,Active
VEH01116,UP85B3123,Truck,2719.82,CNG,2018,DRV00515,Active
VEH01117,UP66A6857,Heavy Truck,12904.3,Petrol,2024,DRV00228,Maintenance
VEH01118,UP77C4144,Mini Truck,566.73,Diesel,2024,DRV00220,Active
VEH01119,UP98D3664,Truck,4044.26,Diesel,2019,DRV00538,Active
VEH01120,UP71E9634,Bike,28.57,CNG,2022,DRV00472,Active
VEH01121,UP28E2761,Van,421.58,Diesel,2020,DRV00052,Active
VEH01122,UP33B1375,Mini Truck,544.05,Diesel,2021,DRV00641,Active
VEH01123,UP34E8382,Van,484.36,Diesel,2025,DRV00599,Active
VEH01124,UP67E7025,Mini Truck,1367.77,Petrol,2024,DRV00533,Active
VEH01125,UP96C3072,Bike,6.5,Diesel,2020,DRV00227,Active
VEH01126,UP76E1288,Bike,25.4,Diesel,2025,DRV00422,Active
VEH01127,UP93B1267,Mini Truck,837.31,Electric,2018,DRV00637,Active
VEH01128,UP57B9931,Mini Truck,1476.29,CNG,2019,DRV00577,Active
VEH01129,UP69B2549,Mini Truck,1077.1,Diesel,2023,DRV00623,Active
VEH01130,UP47D4030,Bike,26.6,Electric,2025,DRV00887,Active
VEH01131,UP99D1592,Van,176.44,Petrol,2021,DRV00432,Active
VEH01132,UP21A2053,Heavy Truck,6299.82,CNG,2024,DRV00186,Active
VEH01133,UP49E3162,Van,326.74,Diesel,2026,DRV00525,Active
VEH01134,UP92E5277,Van,471.47,Electric,2023,DRV00391,Active
VEH01135,UP39B1246,Bike,16.29,Petrol,2025,DRV00559,Active
VEH01136,UP22E4784,Bike,19.89,Diesel,2022,DRV00518,Active
VEH01137,UP43C3347,Truck,4849.5,Diesel,2025,DRV00469,Active
VEH01138,UP45D8997,Bike,26.81,Diesel,2023,DRV00544,Active
VEH01139,UP36C8286,Heavy Truck,5270.51,Diesel,2023,DRV00728,Active
VEH01140,UP10D3712,Mini Truck,979.06,Diesel,2023,DRV00420,Active
VEH01141,UP23C2371,Mini Truck,608.18,Diesel,2026,DRV00950,Active
VEH01142,UP65B1130,Truck,4178.33,Diesel,2025,DRV00124,Active
VEH01143,UP84A9196,Truck,3913.35,Electric,2023,DRV00709,Active
VEH01144,UP84A8932,Van,493.88,CNG,2020,DRV00450,Active
VEH01145,UP29A3178,Bike,27.33,Electric,2019,DRV00312,Maintenance
VEH01146,UP78B6940,Heavy Truck,14747.99,Petrol,2022,DRV00736,Active
VEH01147,UP51C6724,Van,439.35,Petrol,2025,DRV00705,Active
VEH01148,UP10E1336,Van,422.31,CNG,2021,DRV00455,Active
VEH01149,UP85E5492,Mini Truck,862.22,Diesel,2018,DRV00771,Maintenance
VEH01150,UP31B2273,Truck,3173.53,Diesel,2021,DRV00565,Active
VEH01151,UP14C3505,Truck,3871.78,Petrol,2021,DRV00064,Active
VEH01152,UP83D1545,Truck,2959.4,Diesel,2022,DRV00456,Active
VEH01153,UP15B7831,Heavy Truck,5489.23,Diesel,2024,DRV00658,Active
VEH01154,UP19C7934,Bike,29.91,Petrol,2023,DRV00106,Active
VEH01155,UP84B8577,Truck,2936.89,CNG,2025,DRV00842,Maintenance
VEH01156,UP29B4363,Mini Truck,1071.74,CNG,2018,DRV00434,Maintenance
VEH01157,UP31A1983,Truck,3031.3,Diesel,2022,DRV00859,Active
VEH01158,UP96E6534,Van,233.7,CNG,2025,DRV00452,Active
VEH01159,UP32A2601,Bike,24.51,CNG,2018,DRV00951,Active
VEH01160,UP67D6806,Van,462.24,CNG,2026,DRV00120,Active
VEH01161,UP51D3063,Van,226.43,Electric,2024,DRV00923,Inactive
VEH01162,UP16A3155,Mini Truck,926.18,Petrol,2022,DRV00684,Active
VEH01163,UP52B3223,Bike,8.85,Electric,2018,DRV00956,Active
VEH01164,UP34A5309,Truck,2047.01,Petrol,2026,DRV00864,Active
VEH01165,UP30E6044,Truck,3761.1,CNG,2022,DRV00705,Active
VEH01166,UP73D4977,Van,340.28,Electric,2025,DRV00304,Active
VEH01167,UP75B5035,Van,154.86,Diesel,2022,DRV00137,Active
VEH01168,UP12C4138,Van,149.33,Diesel,2019,DRV00338,Active
VEH01169,UP96B1726,Bike,17.18,Diesel,2018,DRV00082,Active
VEH01170,UP91B7368,Bike,7.29,Petrol,2019,DRV00576,Active
VEH01171,UP35C4942,Mini Truck,1167.43,CNG,2026,DRV00897,Maintenance
VEH01172,UP19A5057,Mini Truck,892.57,CNG,2022,DRV00188,Active
VEH01173,UP28B5619,Mini Truck,1122.98,Petrol,2019,DRV00751,Active
VEH01174,UP77C3787,Mini Truck,1340.92,Petrol,2026,DRV00831,Active
VEH01175,UP51D4369,Van,428.71,Petrol,2018,DRV00825,Active
VEH01176,UP94C5519,Truck,1889.83,Diesel,2026,DRV00709,Active
VEH01177,UP92E8215,Mini Truck,1095.97,Electric,2025,DRV00931,Active
VEH01178,UP19A3700,Truck,3302.94,Diesel,2022,DRV00644,Active
VEH01179,UP37A7858,Heavy Truck,6149.22,CNG,2022,DRV00014,Active
VEH01180,UP35D2201,Mini Truck,730.46,Petrol,2024,DRV00541,Active
VEH01181,UP23E9517,Truck,4093.63,Diesel,2019,DRV00114,Active
VEH01182,UP77C6014,Mini Truck,1370.11,CNG,2026,DRV00117,Active
VEH01183,UP69A4493,Mini Truck,867.46,Diesel,2025,DRV00594,Active
VEH01184,UP39B6479,Bike,21.26,Diesel,2022,DRV00500,Active
VEH01185,UP89D7545,Heavy Truck,7086.12,Diesel,2020,DRV00882,Active
VEH01186,UP26C2995,Mini Truck,1196.13,Diesel,2026,DRV00812,Active
VEH01187,UP77A6597,Truck,1597.99,CNG,2018,DRV00629,Active
VEH01188,UP11B9399,Van,409.16,Diesel,2023,DRV00961,Active
VEH01189,UP78D4234,Heavy Truck,11525.2,Diesel,2024,DRV00039,Active
VEH01190,UP51E9095,Mini Truck,1143.58,Diesel,2026,DRV00186,Active
VEH01191,UP75C2801,Mini Truck,807.5,Diesel,2020,DRV00750,Active
VEH01192,UP21E1429,Mini Truck,813.78,Petrol,2020,DRV00775,Active
VEH01193,UP68D5202,Mini Truck,1138.05,Diesel,2021,DRV00380,Active
VEH01194,UP69E1914,Van,371.87,CNG,2025,DRV00361,Active
VEH01195,UP29C9872,Truck,4563.3,Petrol,2025,DRV00290,Active
VEH01196,UP87D9725,Van,348.4,Diesel,2022,DRV00226,Active
VEH01197,UP72D2806,Bike,17.11,Petrol,2020,DRV00981,Active
VEH01198,UP77B1392,Van,121.12,Petrol,2022,DRV00073,Inactive
VEH01199,UP36E5280,Truck,2581.43,Petrol,2021,DRV00261,Active
VEH01200,UP77A3828,Heavy Truck,13046.31,Diesel,2022,DRV00848,Active
